,ID,gender,age,race,country_home,state_home,county_home,sports_5_12,sports_13_18,primary_sport_highschool,secondary_sport_highschool,leadership_role_highschool,stop_point,study_time_highschool,club_participation_highschool,club_highschool_num,highschool_gpa,highschool_training_days_per_week,highschool_training_hours_per_day,college_athlete_desire,sports_on_college_app,year_in_school,major,college_name,major_not_bing,not_bing_apply_bing,accepted_bing_not_bing,college_gpa,post_college_plan,college_ncaa_athlete,college_teams,college_intramural_sports,college_train_days_per_week,college_train_hours_per_day,sports_grade_impact,on_colleg_athlete_scholarship,how_recruited_to_ncaa
0,0,MALE,21,WHITE,US,NY,NEW YORK,NO,NO,NONE,NONE,NO,NEVER PLAYED,3,NO,0,96.0,0,0,NO,NO,SENIOR,"POLITICAL SCIENCE, BA",BINGHAMTON UNIVERSITY,BINGHAMTON STUDENT,YES,YES,3.72,GRADUATE SCHOOL,NO,NONE,NO,0,0,NEUTRAL,NO,NOT A NCAA ATHLETE
1,1,MALE,21,WHITE,US,NY,ROCKLAND,YES,YES,XC/TRACK AND FIELD,BASEBALL,YES,END OF HIGH SCHOOL,3,YES,1,96.0,7,3,YES,YES,SENIOR,"MATHEMATICAL SCIENCES, BA",BINGHAMTON UNIVERSITY,BINGHAMTON STUDENT,YES,YES,3.18,EMPLOYMENT,NO,NONE,YES,0,0,POSITIVE EFFECT,NO,NOT A NCAA ATHLETE
2,2,MALE,21,WHITE,US,NY,SUFFOLK,YES,YES,BASEBALL,XC/TRACK AND FIELD,YES,END OF HIGH SCHOOL,2,YES,1,98.0,6,2,YES,YES,SENIOR,"POLITICAL SCIENCE, BA",BINGHAMTON UNIVERSITY,BINGHAMTON STUDENT,YES,YES,3.5,GRADUATE SCHOOL,NO,NONE,YES,0,0,POSITIVE EFFECT,NOT A NCAA ATHLETE,NOT A NCAA ATHLETE
3,3,MALE,21,WHITE,US,NY,NASSAU,YES,YES,TENNIS,NONE,YES,NEVER STOPPED,8,YES,5,99.3,5,2,NO,YES,SENIOR,"MATHEMATICAL SCIENCES, BA",BINGHAMTON UNIVERSITY,BINGHAMTON STUDENT,YES,YES,3.9,EMPLOYMENT,NO,NONE,NO,0,0,NEUTRAL,NOT A NCAA ATHLETE,NOT A NCAA ATHLETE
4,4,FEMALE,21,WHITE,US,MA,PLYMOUTH,YES,YES,SOFTBALL,FIELD HOCKEY,YES,END OF HIGH SCHOOL,3,NO,0,UNKNOWN,6,2,NO,YES,SENIOR,"ENGLISH, BA",BINGHAMTON UNIVERSITY,BINGHAMTON STUDENT,YES,YES,3.98,GRADUATE SCHOOL,NO,NONE,NO,0,0,NO EFFECT,NOT A NCAA ATHLETE,NOT A NCAA ATHLETE
5,5,FEMALE,20,BLACK OR AFRICAN AMERICAN,US,NY,KINGS,YES,YES,SWIMMING AND DIVING,NONE,NO,END OF HIGH SCHOOL,5,YES,1,98.0,3,2,NO,YES,SENIOR,"ECONOMICS, BA",BINGHAMTON UNIVERSITY,BINGHAMTON STUDENT,YES,YES,3.7,EMPLOYMENT,NO,NONE,NO,0,0,POSITIVE EFFECT,NOT A NCAA ATHLETE,NOT A NCAA ATHLETE
6,6,FEMALE,21,WHITE,US,NY,NASSAU,YES,YES,VOLLEYBALL,LACROSSE,NO,END OF HIGH SCHOOL,4,YES,2,96.0,5,2,NO,YES,SENIOR,"ECONOMICS, BA",BINGHAMTON UNIVERSITY,BINGHAMTON STUDENT,YES,YES,3.55,EMPLOYMENT,NO,NONE,YES,0,0,NEUTRAL,NO,NOT A NCAA ATHLETE
7,7,FEMALE,21,HISPANIC OR LATINO,US,NY,WESTCHESTER,YES,YES,XC/TRACK AND FIELD,XC/TRACK AND FIELD,YES,NEVER STOPPED,4,YES,1,98.0,6,2,YES,YES,SENIOR,ATTENDS DIFFERENT COLLEGE,STONY BROOK UNIVERSITY,HEALTH SCIENCE,NO,DID NOT APPLY,3.2,GRADUATE SCHOOL,YES,XC/TRACK AND FIELD,NO,6,2,POSITIVE EFFECT,YES,RECRUITED
8,8,MALE,21,WHITE,US,NY,UNKNOWN,YES,YES,LACROSSE,NONE,NO,END OF HIGH SCHOOL,3,YES,2,94.0,6,2,NO,YES,SENIOR,"SOCIOLOGY, BA",BINGHAMTON UNIVERSITY,BINGHAMTON STUDENT,YES,YES,3.3,EMPLOYMENT,NO,NONE,NO,0,0,POSITIVE EFFECT,NO,NOT A NCAA ATHLETE
9,9,FEMALE,21,WHITE,US,NY,NASSAU,YES,YES,LACROSSE,VOLLEYBALL,NO,DURING HIGH SCHOOL,2,YES,2,98.0,4,1,NO,NO,SENIOR,"BIOLOGICAL SCIENCES, BS",BINGHAMTON UNIVERSITY,BINGHAMTON STUDENT,YES,YES,3.67,GRADUATE SCHOOL,NO,NONE,NO,0,0,NEUTRAL,NO,NOT A NCAA ATHLETE
10,10,FEMALE,21,WHITE,US,NY,UNKNOWN,YES,YES,FIELD HOCKEY,NONE,NO,END OF HIGH SCHOOL,4,YES,1,96.0,2,2,NO,YES,SENIOR,"ENGLISH, BA",BINGHAMTON UNIVERSITY,BINGHAMTON STUDENT,YES,YES,3.81,EMPLOYMENT,NO,NONE,NO,0,0,NEUTRAL,NO,NOT A NCAA ATHLETE
11,11,MALE,21,ASIAN,US,NY,ROCKLAND,YES,YES,BASKETBALL,XC/TRACK AND FIELD,YES,NEVER STOPPED,3,YES,1,94.0,6,3,YES,YES,GRADUATE STUDENT,"GEOLOGICAL SCIENCES, BA",BINGHAMTON UNIVERSITY,BINGHAMTON STUDENT,YES,YES,3.5,EMPLOYMENT,NO,NONE,YES,0,0,POSITIVE EFFECT,NO,NOT A NCAA ATHLETE
12,12,FEMALE,20,"ASIAN, WHITE",US,NY,QUEENS,YES,YES,VOLLEYBALL,NONE,YES,END OF HIGH SCHOOL,6,YES,3,99.1,6,2,YES,YES,SENIOR,"MATHEMATICAL SCIENCES, BA",BINGHAMTON UNIVERSITY,BINGHAMTON STUDENT,YES,YES,3.33,GRADUATE SCHOOL,NO,NONE,NO,0,0,NEUTRAL,NOT A NCAA ATHLETE,NOT A NCAA ATHLETE
13,13,FEMALE,21,WHITE,US,NY,NASSAU,YES,YES,SWIMMING AND DIVING,VOLLEYBALL,YES,END OF HIGH SCHOOL,3,YES,3,105.0,5,1,NO,NO,SENIOR,"PHILOSOPHY, POLITICS, AND LAW, BA",BINGHAMTON UNIVERSITY,BINGHAMTON STUDENT,YES,YES,3.92,GRADUATE SCHOOL,NO,NONE,NO,0,0,NEUTRAL,NO,NOT A NCAA ATHLETE
14,14,FEMALE,21,WHITE,US,NY,SUFFOLK,YES,NO,NONE,NONE,NO,END OF MIDDLE SCHOOL,5,YES,2,93.0,0,0,NO,NO,SENIOR,"BIOLOGICAL SCIENCES, BS",BINGHAMTON UNIVERSITY,BINGHAMTON STUDENT,YES,YES,3.5,GRADUATE SCHOOL,NO,NONE,NO,0,0,NEUTRAL,NOT A NCAA ATHLETE,NOT A NCAA ATHLETE
15,15,FEMALE,21,WHITE,US,NY,SUFFOLK,YES,YES,VOLLEYBALL,NONE,YES,END OF HIGH SCHOOL,3,YES,2,94.0,5,3,NO,YES,SENIOR,"HUMAN DEVELOPMENT, BS",BINGHAMTON UNIVERSITY,BINGHAMTON STUDENT,YES,YES,3.37,GRADUATE SCHOOL,NO,NONE,NO,0,0,NEUTRAL,NOT A NCAA ATHLETE,NOT A NCAA ATHLETE
16,16,FEMALE,20,WHITE,US,NY,UNKNOWN,YES,YES,SOFTBALL,SOCCER,YES,END OF HIGH SCHOOL,5,YES,4,97.0,4,2,NO,YES,JUNIOR,"PSYCHOLOGY, BA",BINGHAMTON UNIVERSITY,BINGHAMTON STUDENT,YES,YES,3.76,GRADUATE SCHOOL,NO,NONE,YES,0,0,NEUTRAL,NO,NOT A NCAA ATHLETE
17,17,MALE,19,WHITE,US,NY,NASSAU,YES,YES,WRESTLING,SOCCER,NO,END OF HIGH SCHOOL,5,YES,3,94.0,5,2,NO,YES,JUNIOR,"INDUSTRIAL AND SYSTEMS ENGINEERING, BS",BINGHAMTON UNIVERSITY,BINGHAMTON STUDENT,YES,YES,3.56,EMPLOYMENT,NO,NONE,YES,0,0,POSITIVE EFFECT,NO,NOT A NCAA ATHLETE
18,18,MALE,20,WHITE,US,NY,UNKNOWN,YES,YES,BASEBALL,XC/TRACK AND FIELD,NO,NEVER STOPPED,5,YES,3,98.0,3,1,NO,YES,JUNIOR,"ECONOMICS, BS",BINGHAMTON UNIVERSITY,BINGHAMTON STUDENT,YES,YES,3.5,EMPLOYMENT,NO,NONE,YES,0,0,POSITIVE EFFECT,NO,NOT A NCAA ATHLETE
19,19,MALE,21,WHITE,US,NY,SUFFOLK,YES,YES,SOCCER,NONE,NO,END OF HIGH SCHOOL,3,NO,0,94.0,6,2,YES,YES,SENIOR,"ECONOMICS, BA",BINGHAMTON UNIVERSITY,BINGHAMTON STUDENT,YES,YES,2.7,EMPLOYMENT,NO,NONE,YES,0,0,NEUTRAL,NO,NOT A NCAA ATHLETE
20,20,MALE,18,"MIDDLE EASTERN OR NORTH AFRICAN, WHITE",US,NY,NASSAU,YES,YES,AMERICAN FOOTBALL,BASKETBALL,YES,END OF HIGH SCHOOL,3,YES,2,94.0,6,4,NO,YES,FRESHMAN,"BIOLOGICAL SCIENCES, BA",BINGHAMTON UNIVERSITY,BINGHAMTON STUDENT,YES,YES,NO GPA YET,GRADUATE SCHOOL,NO,NONE,YES,0,0,NO EFFECT,NO,NOT A NCAA ATHLETE
21,21,MALE,20,BLACK OR AFRICAN AMERICAN,US,NY,MONROE,NO,YES,WRESTLING,NONE,NO,END OF HIGH SCHOOL,4,YES,1,95.0,6,2,NO,YES,JUNIOR,"ECONOMICS, BA",BINGHAMTON UNIVERSITY,BINGHAMTON STUDENT,YES,YES,3.37,EMPLOYMENT,NO,NONE,NO,0,0,NEUTRAL,NO,NOT A NCAA ATHLETE
22,22,MALE,18,WHITE,US,NY,WESTCHESTER,YES,YES,SOCCER,TENNIS,YES,END OF HIGH SCHOOL,3,YES,3,93.0,5,1,NO,YES,SOPHOMORE,"BUSINESS ADMINISTRATION, BS",BINGHAMTON UNIVERSITY,BINGHAMTON STUDENT,YES,YES,3.76,EMPLOYMENT,NO,NONE,NO,0,0,NEUTRAL,NO,NOT A NCAA ATHLETE
23,23,MALE,20,HISPANIC OR LATINO,US,NY,UNKNOWN,YES,YES,BASEBALL,BASKETBALL,YES,END OF HIGH SCHOOL,1,NO,0,97.0,7,2,YES,YES,JUNIOR,"PSYCHOLOGY, BA",BINGHAMTON UNIVERSITY,BINGHAMTON STUDENT,YES,YES,3.35,GRADUATE SCHOOL,NO,NONE,YES,0,0,NEUTRAL,NO,NOT A NCAA ATHLETE
24,24,MALE,18,WHITE,US,NY,NASSAU,YES,YES,SOCCER,BASKETBALL,YES,END OF HIGH SCHOOL,2,YES,3,94.1,3,2.5,NO,YES,FRESHMAN,"BUSINESS ADMINISTRATION, BS",BINGHAMTON UNIVERSITY,BINGHAMTON STUDENT,YES,YES,NO GPA YET,EMPLOYMENT,NO,NONE,NO,0,0,NEUTRAL,NO,NOT A NCAA ATHLETE
25,25,MALE,19,WHITE,US,NY,UNKNOWN,YES,YES,AMERICAN FOOTBALL,HOCKEY,NO,DURING HIGH SCHOOL,8,YES,4,98.0,3,2,NO,YES,JUNIOR,"PSYCHOLOGY, BA",BINGHAMTON UNIVERSITY,BINGHAMTON STUDENT,YES,YES,3.5,GRADUATE SCHOOL,NO,NONE,YES,0,0,NO EFFECT,NO,NOT A NCAA ATHLETE
26,26,FEMALE,21,WHITE,US,NY,ERIE,YES,YES,SOCCER,BASKETBALL,YES,NEVER STOPPED,8,YES,5,97.0,5,2,NO,YES,SENIOR,"BIOLOGICAL SCIENCES, BS",BINGHAMTON UNIVERSITY,BINGHAMTON STUDENT,YES,YES,3.58,GRADUATE SCHOOL,NO,NONE,NO,0,0,NEUTRAL,NO,NOT A NCAA ATHLETE
27,27,MALE,21,WHITE,US,NY,UNKNOWN,YES,YES,BASEBALL,SOCCER,YES,END OF HIGH SCHOOL,5,YES,4,94.0,6,3,YES,YES,SENIOR,"ECONOMICS, BA",BINGHAMTON UNIVERSITY,BINGHAMTON STUDENT,YES,YES,3.4,GRADUATE SCHOOL,NO,NONE,YES,0,0,NEUTRAL,NOT A NCAA ATHLETE,NOT A NCAA ATHLETE
28,28,MALE,20,WHITE,US,NY,SUFFOLK,YES,YES,SOCCER,NONE,NO,DURING HIGH SCHOOL,0,NO,0,97.0,2,2,NO,NO,SENIOR,"BIOLOGICAL SCIENCES, BA",BINGHAMTON UNIVERSITY,BINGHAMTON STUDENT,YES,YES,3.4,EMPLOYMENT,NO,NONE,YES,0,0,NEUTRAL,NO,NOT A NCAA ATHLETE
29,29,MALE,22,"MIDDLE EASTERN OR NORTH AFRICAN, JEWISH",US,NY,NEW YORK,YES,YES,HOCKEY,NONE,NO,DURING HIGH SCHOOL,5,NO,0,90.0,2,2,NO,YES,SENIOR,"ART, BA",BINGHAMTON UNIVERSITY,BINGHAMTON STUDENT,YES,YES,3.76,EMPLOYMENT,NO,NONE,NO,0,0,NEUTRAL,NO,NOT A NCAA ATHLETE
30,30,MALE,21,"BLACK OR AFRICAN AMERICAN, WHITE",US,NY,SUFFOLK,YES,YES,BASKETBALL,NONE,YES,DURING HIGH SCHOOL,4,NO,0,93.0,6,2,NO,YES,SENIOR,"NURSING, RN-BS PROGRAM, BS",MOLLOY UNIVERSITY,NURSING BSN,NO,NO,3.56,EMPLOYMENT,NO,NONE,NO,0,0,NEUTRAL,NO,NOT A NCAA ATHLETE
31,31,FEMALE,21,WHITE,US,NY,SUFFOLK,YES,YES,CHEER,LACROSSE,NO,END OF HIGH SCHOOL,5,YES,3,96.0,7,3,NO,NO,GRADUATE STUDENT,"BUSINESS ADMINISTRATION, BS",BINGHAMTON UNIVERSITY,BINGHAMTON STUDENT,YES,YES,3.4,EMPLOYMENT,NO,NONE,NO,0,0,NEUTRAL,NOT A NCAA ATHLETE,NOT A NCAA ATHLETE
32,32,FEMALE,20,WHITE,US,NY,SUFFOLK,YES,YES,CHEER,GYMNASTICS,NO,NEVER STOPPED,8,YES,5,98.0,5,3,YES,YES,JUNIOR,"INTEGRATIVE NEUROSCIENCE, BS",BINGHAMTON UNIVERSITY,BINGHAMTON STUDENT,YES,YES,3.4,GRADUATE SCHOOL,NO,NONE,YES,0,0,POSITIVE EFFECT,NO,NOT A NCAA ATHLETE
33,33,MALE,21,WHITE,US,NY,NASSAU,YES,YES,BASEBALL,NONE,YES,NEVER STOPPED,2,YES,1,97.0,5,2,YES,NO,SENIOR,ATTENDS DIFFERENT COLLEGE,BARUCH COLLEGE,JOURNALISM,NO,DID NOT APPLY,2.98,EMPLOYMENT,YES,BASEBALL,NO,6,4,NEGATIVE EFFECT,NO,RECRUITED
34,34,MALE,18,ASIAN,US,NY,ROCKLAND,YES,YES,LACROSSE,XC/TRACK AND FIELD,NO,NEVER STOPPED,1,YES,2,UNKNOWN,6,3,NO,YES,FRESHMAN,"BUSINESS ADMINISTRATION, BS",BINGHAMTON UNIVERSITY,BINGHAMTON STUDENT,YES,YES,NO GPA YET,GRADUATE SCHOOL,NO,NONE,NO,0,0,NO EFFECT,NO,NOT A NCAA ATHLETE
35,35,FEMALE,20,ASIAN,US,NY,UNKNOWN,YES,YES,FENCING,BASKETBALL,NO,END OF HIGH SCHOOL,8,YES,1,98.0,3,3,NO,NO,SENIOR,"ART, BA",BINGHAMTON UNIVERSITY,BINGHAMTON STUDENT,YES,YES,3.85,GRADUATE SCHOOL,NO,NONE,NO,0,0,NEUTRAL,NO,NOT A NCAA ATHLETE
36,36,MALE,21,WHITE,US,NY,UNKNOWN,YES,YES,SOCCER,BASKETBALL,YES,END OF HIGH SCHOOL,1,NO,0,91.0,6,2,YES,YES,SENIOR,"POLITICAL SCIENCE, BA",BINGHAMTON UNIVERSITY,BINGHAMTON STUDENT,YES,YES,2.7,EMPLOYMENT,NO,NONE,YES,0,0,POSITIVE EFFECT,NO,NOT A NCAA ATHLETE
37,37,MALE,21,WHITE,US,NY,SUFFOLK,YES,YES,LACROSSE,NONE,YES,END OF HIGH SCHOOL,5,NO,0,90.0,6,3,NO,NO,SENIOR,"BUSINESS ADMINISTRATION, BS",BINGHAMTON UNIVERSITY,BINGHAMTON STUDENT,YES,YES,3.2,EMPLOYMENT,NO,NONE,YES,0,0,POSITIVE EFFECT,NO,NOT A NCAA ATHLETE
38,38,MALE,20,WHITE,US,NY,NASSAU,YES,YES,XC/TRACK AND FIELD,XC/TRACK AND FIELD,YES,NEVER STOPPED,1,YES,1,UNKNOWN,7,3,NO,YES,JUNIOR,"POLITICAL SCIENCE, BA",BINGHAMTON UNIVERSITY,BINGHAMTON STUDENT,YES,YES,3.7,GRADUATE SCHOOL,NO,NONE,NO,0,0,POSITIVE EFFECT,NOT A NCAA ATHLETE,NOT A NCAA ATHLETE
39,39,MALE,20,WHITE,US,NY,NASSAU,YES,YES,BASEBALL,NONE,NO,END OF HIGH SCHOOL,4,YES,1,100.0,3,2,YES,YES,JUNIOR,"BUSINESS ADMINISTRATION, BS",BINGHAMTON UNIVERSITY,BINGHAMTON STUDENT,YES,YES,3.9,EMPLOYMENT,NO,NONE,YES,0,0,NO EFFECT,NO,NOT A NCAA ATHLETE
40,40,MALE,20,WHITE,US,NY,SUFFOLK,YES,YES,AMERICAN FOOTBALL,NONE,NO,END OF HIGH SCHOOL,1,YES,2,100.0,5,3,NO,YES,JUNIOR,"COMPUTER SCIENCE, BS",BINGHAMTON UNIVERSITY,BINGHAMTON STUDENT,YES,YES,3.84,EMPLOYMENT,NO,NONE,NO,0,0,NO EFFECT,NO,NOT A NCAA ATHLETE
41,41,MALE,20,"ASIAN, WHITE",US,NY,NASSAU,YES,YES,BASKETBALL,NONE,NO,END OF HIGH SCHOOL,1,YES,2,98.0,5,2,NO,YES,JUNIOR,UNDECLARED,BINGHAMTON UNIVERSITY,BINGHAMTON STUDENT,YES,YES,2.61,GRADUATE SCHOOL,NO,NONE,NO,0,0,NEUTRAL,NO,NOT A NCAA ATHLETE
42,42,MALE,22,ASIAN,US,NJ,ESSEX,YES,YES,BASEBALL,NONE,YES,DURING HIGH SCHOOL,5,YES,2,85.0,2,2,NO,NO,GRADUATE STUDENT,"BUSINESS ADMINISTRATION, BS",BINGHAMTON UNIVERSITY,BINGHAMTON STUDENT,YES,YES,3.66,EMPLOYMENT,NO,NONE,YES,0,0,NEUTRAL,NO,NOT A NCAA ATHLETE
43,43,MALE,20,WHITE,US,NY,SUFFOLK,YES,YES,BASKETBALL,GOLF,NO,END OF MIDDLE SCHOOL,3,YES,1,90.0,2,2,YES,NO,JUNIOR,"PSYCHOLOGY, BA",BINGHAMTON UNIVERSITY,BINGHAMTON STUDENT,YES,YES,3.4,GRADUATE SCHOOL,NO,NONE,NO,0,0,NEUTRAL,NO,NOT A NCAA ATHLETE
44,44,MALE,20,WHITE,US,NY,NASSAU,YES,YES,BASEBALL,BASKETBALL,NO,END OF HIGH SCHOOL,3,YES,2,96.0,5,2,NO,YES,JUNIOR,"BUSINESS ADMINISTRATION, BS",BINGHAMTON UNIVERSITY,BINGHAMTON STUDENT,YES,YES,3.55,EMPLOYMENT,NO,NONE,YES,0,0,POSITIVE EFFECT,NO,NOT A NCAA ATHLETE
45,45,MALE,20,WHITE,US,NJ,UNKNOWN,YES,YES,BASEBALL,GOLF,NO,END OF HIGH SCHOOL,2,NO,0,85.0,6,1,NO,YES,JUNIOR,"PHILOSOPHY, POLITICS, AND LAW, BA",BINGHAMTON UNIVERSITY,BINGHAMTON STUDENT,YES,YES,3.2,GRADUATE SCHOOL,NO,NONE,NO,0,0,NEUTRAL,NO,NOT A NCAA ATHLETE
46,46,MALE,20,ASIAN,US,NJ,BERGEN,YES,YES,XC/TRACK AND FIELD,SOCCER,NO,DURING HIGH SCHOOL,1,NO,0,88.0,2,2,NO,YES,JUNIOR,"ECONOMICS, BA",BINGHAMTON UNIVERSITY,BINGHAMTON STUDENT,YES,YES,3.2,EMPLOYMENT,NO,NONE,YES,0,0,NO EFFECT,NO,NOT A NCAA ATHLETE
47,47,MALE,21,WHITE,US,NJ,MORRIS,YES,YES,HOCKEY,GOLF,YES,DURING HIGH SCHOOL,6,YES,5,UNKNOWN,4,3,NO,YES,GRADUATE STUDENT,ATTENDS DIFFERENT COLLEGE,BINGHAMTON UNIVERSITY,BINGHAMTON STUDENT,YES,YES,3.93,EMPLOYMENT,NO,NONE,YES,0,0,NO EFFECT,NO,NOT A NCAA ATHLETE
48,48,MALE,21,WHITE,US,NY,NASSAU,YES,YES,BASEBALL,AMERICAN FOOTBALL,YES,END OF HIGH SCHOOL,1,YES,2,93.0,6,2,YES,YES,GRADUATE STUDENT,"ECONOMICS, BA",BINGHAMTON UNIVERSITY,BINGHAMTON STUDENT,YES,YES,3.4,EMPLOYMENT,NO,NONE,YES,0,0,NO EFFECT,NOT A NCAA ATHLETE,NOT A NCAA ATHLETE
49,49,MALE,20,ASIAN,TAIWAN,NOT FROM US,TAIWAN,YES,YES,AMERICAN FOOTBALL,XC/TRACK AND FIELD,YES,END OF HIGH SCHOOL,2,NO,0,92.0,7,4,YES,YES,SOPHOMORE,"BUSINESS ADMINISTRATION, BS",BINGHAMTON UNIVERSITY,BINGHAMTON STUDENT,YES,YES,3.5,GRADUATE SCHOOL,NO,NONE,YES,0,0,POSITIVE EFFECT,NO,NOT A NCAA ATHLETE
50,50,MALE,20,WHITE,US,NY,ALBANY,YES,YES,AMERICAN FOOTBALL,NONE,NO,DURING HIGH SCHOOL,2,YES,1,94.0,7,2,NO,YES,JUNIOR,"BIOLOGICAL SCIENCES, BS",BINGHAMTON UNIVERSITY,BINGHAMTON STUDENT,YES,YES,3.8,GRADUATE SCHOOL,NO,NONE,NO,0,0,NEUTRAL,NOT A NCAA ATHLETE,NOT A NCAA ATHLETE
51,51,FEMALE,21,WHITE,US,NY,UNKNOWN,YES,YES,SOCCER,GOLF,YES,NEVER STOPPED,6,YES,5,96.0,7,2,YES,YES,SENIOR,"ECONOMICS, BA",BINGHAMTON UNIVERSITY,BINGHAMTON STUDENT,YES,YES,3.68,EMPLOYMENT,NO,NONE,YES,0,0,NO EFFECT,NOT A NCAA ATHLETE,NOT A NCAA ATHLETE
52,52,FEMALE,21,WHITE,US,NY,SUFFOLK,YES,NO,NONE,NONE,NO,END OF MIDDLE SCHOOL,4,YES,3,99.0,0,0,NO,NO,SENIOR,"MATHEMATICAL SCIENCES, BA",BINGHAMTON UNIVERSITY,BINGHAMTON STUDENT,YES,YES,3.35,GRADUATE SCHOOL,NO,NONE,NO,0,0,NEUTRAL,NOT A NCAA ATHLETE,NOT A NCAA ATHLETE
53,53,MALE,18,HISPANIC OR LATINO,US,NJ,ESSEX,YES,YES,XC/TRACK AND FIELD,SOCCER,YES,NEVER STOPPED,3,YES,3,88.0,6,3,YES,YES,FRESHMAN,ATTENDS DIFFERENT COLLEGE,STONY BROOK UNIVERSITY,ECONOMICS,YES,YES,3.51,GRADUATE SCHOOL,YES,XC/TRACK AND FIELD,NO,6,3,POSITIVE EFFECT,YES,RECRUITED
54,54,FEMALE,19,WHITE,US,NY,ONONDAGA,YES,YES,XC/TRACK AND FIELD,LACROSSE,YES,NEVER STOPPED,3,YES,4,92.0,6,2,YES,YES,SOPHOMORE,ATTENDS DIFFERENT COLLEGE,STONY BROOK UNIVERSITY,SOCIOLOGY,YES,NO,3.2,GRADUATE SCHOOL,YES,XC/TRACK AND FIELD,NO,6,3,POSITIVE EFFECT,NO,RECRUITED
55,55,FEMALE,20,WHITE,US,NY,NIAGARA,NO,YES,XC/TRACK AND FIELD,NONE,YES,NEVER STOPPED,5,NO,0,102.34,7,3,YES,YES,JUNIOR,ATTENDS DIFFERENT COLLEGE,STONY BROOK UNIVERSITY,ANTHROPOLOGY,NO,DID NOT APPLY,2.92,BOTH,YES,XC/TRACK AND FIELD,NO,7,3,POSITIVE EFFECT,YES,RECRUITED
56,56,FEMALE,19,WHITE,US,NY,ORANGE,YES,YES,XC/TRACK AND FIELD,SOCCER,YES,NEVER STOPPED,3,NO,0,98.0,6,2,YES,YES,SOPHOMORE,"ANTHROPOLOGY, BA",STONY BROOK UNIVERSITY,ANTHROPOLOGY,YES,YES,3.7,BOTH,YES,XC/TRACK AND FIELD,NO,6,2,NO EFFECT,YES,RECRUITED
57,57,FEMALE,19,WHITE,US,NY,RENSSELAER,YES,YES,XC/TRACK AND FIELD,BASKETBALL,YES,NEVER STOPPED,6,YES,2,99.1,6,2,YES,YES,SOPHOMORE,ATTENDS DIFFERENT COLLEGE,STONY BROOK UNIVERSITY,BIOCHEM (BS) AND PSYCHOLOGY 2ND MAJOR (BS),NO,NO,3.59,BOTH,YES,XC/TRACK AND FIELD,NO,6,3,NO EFFECT,YES,RECRUITED
58,58,MALE,18,WHITE,US,NY,ALBANY,YES,YES,XC/TRACK AND FIELD,NONE,YES,NEVER STOPPED,2,NO,0,92.0,7,2,YES,YES,FRESHMAN,ATTENDS DIFFERENT COLLEGE,STONY BROOK UNIVERSITY,BUSINESS MANAGEMENT,YES,WAITLISTED,NO GPA YET,GRADUATE SCHOOL,YES,XC/TRACK AND FIELD,NO,6,2,NEGATIVE EFFECT,NO,RECRUITED
59,59,MALE,20,WHITE,US,NY,SCHENECTADY,YES,YES,XC/TRACK AND FIELD,SOCCER,NO,NEVER STOPPED,2,YES,2,95.0,6,2,YES,YES,JUNIOR,ATTENDS DIFFERENT COLLEGE,STONY BROOK UNIVERSITY,PHYSICS AND APPLIED MATH,NO,NO,3.9,BOTH,YES,XC/TRACK AND FIELD,NO,7,2,POSITIVE EFFECT,NO,RECRUITED
60,60,FEMALE,21,HISPANIC OR LATINO,US,NY,WESTCHESTER,YES,YES,XC/TRACK AND FIELD,XC/TRACK AND FIELD,YES,NEVER STOPPED,3,YES,1,96.0,6,2,YES,YES,SENIOR,ATTENDS DIFFERENT COLLEGE,STONY BROOK UNIVERSITY,HEALTH SCIENCE,NO,DID NOT APPLY,3.2,GRADUATE SCHOOL,YES,XC/TRACK AND FIELD,NO,6,2,POSITIVE EFFECT,YES,RECRUITED
61,61,FEMALE,20,WHITE,US,NY,ORANGE,YES,YES,XC/TRACK AND FIELD,NONE,YES,NEVER STOPPED,6,YES,2,94.0,6,2,YES,YES,JUNIOR,ATTENDS DIFFERENT COLLEGE,STONY BROOK UNIVERSITY,HEALTH SCIENCE,YES,YES,3.5,GRADUATE SCHOOL,YES,XC/TRACK AND FIELD,NO,6,3,POSITIVE EFFECT,YES,RECRUITED
62,62,FEMALE,20,WHITE,US,NY,SUFFOLK,YES,YES,XC/TRACK AND FIELD,BASKETBALL,YES,NEVER STOPPED,4,YES,3,101.3,7,2,YES,YES,SENIOR,ATTENDS DIFFERENT COLLEGE,STONY BROOK UNIVERSITY,HEALTH SCIENCE,NO,DID NOT APPLY,3.75,GRADUATE SCHOOL,YES,XC/TRACK AND FIELD,NO,7,2,NO EFFECT,YES,RECRUITED
63,63,MALE,19,HISPANIC OR LATINO,US,NY,ORANGE,YES,YES,XC/TRACK AND FIELD,NONE,YES,NEVER STOPPED,5,YES,2,101.73,5,2,YES,YES,SOPHOMORE,ATTENDS DIFFERENT COLLEGE,STONY BROOK UNIVERSITY,HEALTH SCIENCE,NO,DID NOT APPLY,3.87,MED SCHOOL,YES,XC/TRACK AND FIELD,NO,6,3,NEGATIVE EFFECT,YES,RECRUITED
64,64,FEMALE,19,WHITE,US,NY,SUFFOLK,YES,YES,XC/TRACK AND FIELD,NONE,YES,NEVER STOPPED,5,YES,5,104.55,6,2,YES,YES,SOPHOMORE,ATTENDS DIFFERENT COLLEGE,STONY BROOK UNIVERSITY,APPLIED MATHEMATICS AND STATISTICS,YES,YES,3.95,GRADUATE SCHOOL,YES,XC/TRACK AND FIELD,NO,6,3,POSITIVE EFFECT,NO,WALK ON
65,65,MALE,18,WHITE,US,NY,NASSAU,YES,YES,XC/TRACK AND FIELD,BASKETBALL,YES,NEVER STOPPED,1,NO,0,89.0,7,2,YES,YES,SOPHOMORE,ATTENDS DIFFERENT COLLEGE,STONY BROOK UNIVERSITY,HEALTH SCIENCE,YES,YES,3.2,BOTH,YES,XC/TRACK AND FIELD,NO,6,3,NO EFFECT,NO,RECRUITED
66,66,FEMALE,18,WHITE,US,CT,WINDHAM,YES,YES,XC/TRACK AND FIELD,NONE,YES,NEVER STOPPED,7,YES,2,UNKNOWN,6,2,YES,YES,SOPHOMORE,ATTENDS DIFFERENT COLLEGE,STONY BROOK UNIVERSITY,BIOLOGY,YES,YES,3.6,BOTH,YES,XC/TRACK AND FIELD,NO,6,3,POSITIVE EFFECT,NO,RECRUITED
67,67,MALE,21,WHITE,US,NY,ULSTER,YES,YES,XC/TRACK AND FIELD,TENNIS,YES,NEVER STOPPED,2,YES,2,94.0,6,2,YES,YES,SENIOR,ATTENDS DIFFERENT COLLEGE,STONY BROOK UNIVERSITY,ENGLISH EDUCATION,NO,DID NOT APPLY,3.1,GRADUATE SCHOOL,YES,XC/TRACK AND FIELD,NO,7,4,POSITIVE EFFECT,NO,WALK ON
68,68,MALE,19,WHITE,US,NY,SUFFOLK,YES,YES,XC/TRACK AND FIELD,NONE,YES,NEVER STOPPED,5,NO,0,90.0,7,2,YES,YES,SOPHOMORE,ATTENDS DIFFERENT COLLEGE,STONY BROOK UNIVERSITY,HEALTH SCIENCE,NO,DID NOT APPLY,3.3,BOTH,YES,XC/TRACK AND FIELD,NO,6,2,POSITIVE EFFECT,NO,RECRUITED
69,69,FEMALE,18,WHITE,US,NY,SUFFOLK,YES,YES,XC/TRACK AND FIELD,NONE,YES,NEVER STOPPED,8,YES,4,96.0,6,3,YES,YES,FRESHMAN,ATTENDS DIFFERENT COLLEGE,STONY BROOK UNIVERSITY,MECHANICAL ENGINEERING AT SBU,YES,YES,NO GPA YET,BOTH,YES,XC/TRACK AND FIELD,NO,6,4,POSITIVE EFFECT,NO,RECRUITED
70,70,FEMALE,19,HISPANIC OR LATINO,US,NY,SUFFOLK,YES,YES,XC/TRACK AND FIELD,SOCCER,YES,NEVER STOPPED,2,YES,5,94.0,6,2,YES,NO,SOPHOMORE,ATTENDS DIFFERENT COLLEGE,STONY BROOK UNIVERSITY,BUSINESS,YES,YES,3.78,EMPLOYMENT,YES,XC/TRACK AND FIELD,NO,7,3,NO EFFECT,NO,RECRUITED
71,71,FEMALE,18,WHITE,US,NY,ONEIDA,YES,YES,XC/TRACK AND FIELD,DANCE,NO,NEVER STOPPED,4,YES,1,99.0,6,3,YES,YES,FRESHMAN,ATTENDS DIFFERENT COLLEGE,STONY BROOK UNIVERSITY,BIOLOGY,YES,YES,4,GRADUATE SCHOOL,YES,XC/TRACK AND FIELD,NO,6,3,POSITIVE EFFECT,NO,RECRUITED
72,72,MALE,19,BLACK OR AFRICAN AMERICAN,NIGERIA,NOT FROM US,NIGERIA,YES,YES,XC/TRACK AND FIELD,SOCCER,YES,NEVER STOPPED,2,YES,2,92.0,5,2,YES,YES,JUNIOR,ATTENDS DIFFERENT COLLEGE,STONY BROOK UNIVERSITY,MECHANICAL ENGINEERING,YES,WAITLISTED,3.167,UNEMPLOYMENT,YES,XC/TRACK AND FIELD,NO,5,3,POSITIVE EFFECT,NO,WALK ON
73,73,MALE,20,WHITE,US,NY,SLINGERLANDS,YES,YES,XC/TRACK AND FIELD,SOCCER,YES,NEVER STOPPED,1,YES,1,93.0,6,1,YES,YES,JUNIOR,ATTENDS DIFFERENT COLLEGE,STONY BROOK UNIVERSITY,HEALTH SCIENCE,NO,DID NOT APPLY,3.2,GRADUATE SCHOOL,YES,XC/TRACK AND FIELD,NO,7,2,NEGATIVE EFFECT,NO,RECRUITED
74,74,MALE,18,WHITE,US,NY,ORANGE,YES,YES,XC/TRACK AND FIELD,XC/TRACK AND FIELD,YES,NEVER STOPPED,10,YES,4,98.0,6,3,YES,YES,FRESHMAN,ATTENDS DIFFERENT COLLEGE,STONY BROOK UNIVERSITY,MECHANICAL ENGINEERING,NO,DID NOT APPLY,4,EMPLOYMENT,YES,XC/TRACK AND FIELD,NO,6,3,NEGATIVE EFFECT,YES,RECRUITED
75,75,MALE,22,WHITE,US,NY,FRANKLIN,YES,YES,XC/TRACK AND FIELD,SKIING,YES,NEVER STOPPED,12,YES,3,94.0,6,2,YES,YES,GRADUATE STUDENT,ATTENDS DIFFERENT COLLEGE,"IONA UNIVERSITY, STONY BROOK UNIVERSITY","BIOLOGY, PRE-MED CONCENTRATION",YES,YES,3.8,GRADUATE SCHOOL,YES,XC/TRACK AND FIELD,NO,7,3,NEGATIVE EFFECT,YES,RECRUITED
76,76,MALE,20,WHITE,US,NY,ERIE,YES,YES,XC/TRACK AND FIELD,NONE,YES,NEVER STOPPED,3,NO,0,90.0,7,3,YES,YES,JUNIOR,ATTENDS DIFFERENT COLLEGE,STONY BROOK UNIVERSITY,MECHANICAL ENGINEERING,NO,NO,2.67,EMPLOYMENT,YES,XC/TRACK AND FIELD,NO,7,4,NEGATIVE EFFECT,NO,RECRUITED
77,77,MALE,19,ASIAN,US,NY,ALBANY,YES,YES,XC/TRACK AND FIELD,BASEBALL,YES,NEVER STOPPED,6,YES,3,99.93,7,2,YES,YES,JUNIOR,ATTENDS DIFFERENT COLLEGE,STONY BROOK UNIVERSITY,APPLIED MATHEMATICS AND STATISTICS,NO,DID NOT APPLY,3.9,GRADUATE SCHOOL,YES,XC/TRACK AND FIELD,NO,7,4,NO EFFECT,NO,RECRUITED
78,78,MALE,17,WHITE,ITALY,NOT FROM US,ITALY,YES,YES,XC/TRACK AND FIELD,GOLF,YES,NEVER STOPPED,2,YES,5,98.3,6,3,YES,YES,FRESHMAN,ATTENDS DIFFERENT COLLEGE,STONY BROOK UNIVERSITY,COMPUTER SCIENCE,NO,NO,4,BOTH,YES,XC/TRACK AND FIELD,YES,6,3,NO EFFECT,NO,RECRUITED
79,79,FEMALE,21,HISPANIC OR LATINO,US,NY,DUTCHESS,YES,YES,XC/TRACK AND FIELD,XC/TRACK AND FIELD,YES,NEVER STOPPED,6,NO,0,92.0,7,2,YES,YES,SENIOR,ATTENDS DIFFERENT COLLEGE,STONY BROOK UNIVERSITY,"BIOLOGY, BS",NO,DID NOT APPLY,2.55,GRADUATE SCHOOL,YES,XC/TRACK AND FIELD,NO,7,4,NEGATIVE EFFECT,YES,RECRUITED
80,80,MALE,20,WHITE,US,MA,FALMOUTH,YES,YES,XC/TRACK AND FIELD,NONE,YES,NEVER STOPPED,0,NO,0,83.0,6,3,YES,YES,JUNIOR,ATTENDS DIFFERENT COLLEGE,STONY BROOK UNIVERSITY,BUSINESS,NO,DID NOT APPLY,3.3,EMPLOYMENT,YES,XC/TRACK AND FIELD,NO,6,4,POSITIVE EFFECT,YES,RECRUITED
81,81,FEMALE,18,WHITE,US,NY,WESTCHESTER,YES,YES,XC/TRACK AND FIELD,DANCE,YES,NEVER STOPPED,7,YES,1,97.0,6,2,YES,YES,FRESHMAN,ATTENDS DIFFERENT COLLEGE,STONY BROOK UNIVERSITY,POLITICAL SCIENCE,YES,YES,NO GPA YET,BOTH,YES,XC/TRACK AND FIELD,YES,6,3,POSITIVE EFFECT,NO,RECRUITED
82,82,MALE,22,WHITE,US,NY,ROCKLAND,YES,YES,BASEBALL,XC/TRACK AND FIELD,NO,END OF HIGH SCHOOL,8,YES,2,99.0,6,3,NO,YES,ALUM,ATTENDS DIFFERENT COLLEGE,UNIVERSITY OF CONNECTICUT,ACCOUNTING,YES,YES,3.98,EMPLOYMENT,NO,NONE,YES,0,0,NEUTRAL,NO,NOT A NCAA ATHLETE
83,83,MALE,20,HISPANIC OR LATINO,US,NY,ROCKLAND,YES,YES,XC/TRACK AND FIELD,NONE,YES,NEVER STOPPED,5,YES,5,94.0,6,3,YES,YES,SENIOR,ATTENDS DIFFERENT COLLEGE,STONY BROOK UNIVERSITY,PSYCHOLOGY,YES,YES,3.3,GRADUATE SCHOOL,YES,XC/TRACK AND FIELD,NO,7,3,NEGATIVE EFFECT,NO,RECRUITED
84,84,MALE,21,WHITE,US,NY,ONONDAGA,YES,YES,GOLF,HOCKEY,YES,END OF HIGH SCHOOL,7,YES,1,99.0,5,2,NO,YES,SENIOR,"BUSINESS ADMINISTRATION, BS",BINGHAMTON UNIVERSITY,BINGHAMTON STUDENT,YES,YES,3.8,EMPLOYMENT,NO,NONE,YES,0,0,NEUTRAL,NOT A NCAA ATHLETE,NOT A NCAA ATHLETE
85,85,MALE,19,WHITE,US,NY,SUFFOLK,YES,YES,XC/TRACK AND FIELD,NONE,YES,NEVER STOPPED,1,YES,3,96.0,7,2,YES,NO,SOPHOMORE,"BUSINESS ADMINISTRATION, BS",STONY BROOK UNIVERSITY,UNKNOWN,YES,YES,3.65,GRADUATE SCHOOL,YES,XC/TRACK AND FIELD,NO,7,2,POSITIVE EFFECT,NO,WALK ON
86,86,FEMALE,21,MIDDLE EASTERN OR NORTH AFRICAN,US,NY,NASSAU,YES,YES,SOCCER,XC/TRACK AND FIELD,NO,END OF HIGH SCHOOL,7,YES,5,99.8,6,3,NO,YES,SENIOR,"INTEGRATIVE NEUROSCIENCE, BS",BINGHAMTON UNIVERSITY,BINGHAMTON STUDENT,YES,YES,3.8,MEDICAL SCHOOL,NO,NONE,NO,0,0,NEUTRAL,NOT A NCAA ATHLETE,NOT A NCAA ATHLETE
87,87,MALE,21,WHITE,US,NY,NASSAU,YES,YES,XC/TRACK AND FIELD,NONE,YES,NEVER STOPPED,4,YES,1,98.0,7,1,YES,YES,GRADUATE STUDENT,ATTENDS DIFFERENT COLLEGE,STONY BROOK UNIVERSITY,APPLIED MATHEMATICS & STATISTICS,NO,DID NOT APPLY,3.8,EMPLOYMENT,YES,XC/TRACK AND FIELD,NO,6,3,POSITIVE EFFECT,NO,WALK ON
88,88,MALE,20,WHITE,US,NY,ROCKLAND,YES,YES,BASEBALL,XC/TRACK AND FIELD,YES,NEVER STOPPED,2,NO,0,100.0,5,2,YES,YES,JUNIOR,"MATHEMATICAL SCIENCES, BA",BINGHAMTON UNIVERSITY,BINGHAMTON STUDENT,YES,YES,3.73,GRADUATE SCHOOL,NO,NONE,YES,0,0,NO EFFECT,NO,NOT A NCAA ATHLETE
89,89,MALE,21,WHITE,US,NY,ROCKLAND,YES,YES,XC/TRACK AND FIELD,SOCCER,NO,END OF HIGH SCHOOL,1,YES,1,99.6,6,2,YES,YES,SENIOR,ATTENDS DIFFERENT COLLEGE,UNIVERSITY OF MASSACHUSETTS AMHERST,COMPUTER SCIENCE,YES,WAITLISTED,3.7,EMPLOYMENT,NO,NONE,YES,0,0,POSITIVE EFFECT,NOT A NCAA ATHLETE,NOT A NCAA ATHLETE
90,90,MALE,21,WHITE,US,MA,PLYMOUTH,YES,YES,SOCCER,NONE,NO,NEVER STOPPED,1,NO,0,100.0,7,2,YES,NO,SENIOR,ATTENDS DIFFERENT COLLEGE,UNIVERSITY OF MASSACHUSETTS AMHERST,BIOLOGY,NO,DID NOT APPLY,3,EMPLOYMENT,NO,NONE,YES,0,0,NEUTRAL,NO,NOT A NCAA ATHLETE
91,91,MALE,21,WHITE,US,MA,MIDDLESEX,YES,YES,BASKETBALL,XC/TRACK AND FIELD,NO,NEVER STOPPED,1,NO,0,UNKNOWN,6,2,YES,YES,SENIOR,ATTENDS DIFFERENT COLLEGE,UNIVERSITY OF MASSACHUSETTS AMHERST,JOURNALISM,NO,DID NOT APPLY,3.36,EMPLOYMENT,NO,NONE,YES,0,0,NEUTRAL,NOT A NCAA ATHLETE,NOT A NCAA ATHLETE
92,92,MALE,20,WHITE,US,NY,ROCKLAND,YES,YES,BASEBALL,XC/TRACK AND FIELD,YES,END OF HIGH SCHOOL,5,YES,1,99.0,2,2,YES,YES,JUNIOR,"MECHANICAL ENGINEERING, BS",BINGHAMTON UNIVERSITY,BINGHAMTON STUDENT,YES,YES,3.65,EMPLOYMENT,NO,NONE,YES,7,0,NEUTRAL,NOT A NCAA ATHLETE,NOT A NCAA ATHLETE
93,93,MALE,21,WHITE,US,NY,SUFFOLK,YES,YES,GOLF,SOCCER,NO,END OF HIGH SCHOOL,3,YES,3,90.0,3,4,YES,YES,SENIOR,"BUSINESS ADMINISTRATION, BS",BINGHAMTON UNIVERSITY,BINGHAMTON STUDENT,YES,YES,3.98,EMPLOYMENT,NO,NONE,YES,0,0,POSITIVE EFFECT,NOT A NCAA ATHLETE,NOT A NCAA ATHLETE
94,94,FEMALE,20,WHITE,US,NY,ORANGE,YES,YES,XC/TRACK AND FIELD,TENNIS,YES,NEVER STOPPED,2,YES,1,92.0,6,3,YES,YES,JUNIOR,ATTENDS DIFFERENT COLLEGE,STONY BROOK UNIVERSITY,JOURNALISM,YES,WAITLISTED,3.2,GRADUATE SCHOOL,YES,XC/TRACK AND FIELD,NO,6,3,POSITIVE EFFECT,NO,WALK ON
95,95,FEMALE,20,WHITE,US,NY,RENSSELAER,YES,YES,XC/TRACK AND FIELD,BASKETBALL,YES,NEVER STOPPED,5,NO,0,95.0,6,2,YES,YES,JUNIOR,ATTENDS DIFFERENT COLLEGE,STONY BROOK UNIVERSITY,HEALTH SCIENCE,NO,DID NOT APPLY,3.68,GRADUATE SCHOOL,YES,XC/TRACK AND FIELD,NO,6,3,NEGATIVE EFFECT,NO,RECRUITED
96,96,MALE,17,WHITE,US,NY,ROCKLAND,YES,YES,XC/TRACK AND FIELD,NONE,NO,END OF HIGH SCHOOL,3,YES,2,85.0,6,3,NO,YES,FRESHMAN,ATTENDS DIFFERENT COLLEGE,SUNY ALBANY,CYBERSECURITY,YES,NO,NO GPA YET,BOTH,NO,NONE,NO,0,0,NEUTRAL,NOT A NCAA ATHLETE,NOT A NCAA ATHLETE
97,97,MALE,18,"BLACK OR AFRICAN AMERICAN, WHITE",US,NY,ROCKLAND,YES,YES,XC/TRACK AND FIELD,SWIMMING AND DIVING,NO,NEVER STOPPED,2,YES,4,89.0,6,3,YES,YES,FRESHMAN,ATTENDS DIFFERENT COLLEGE,HIGH POINT UNIVERSITY,MECHANICAL ENGINEERING,YES,YES,NO GPA YET,GRADUATE SCHOOL,NO,NONE,YES,0,0,POSITIVE EFFECT,NO,NOT A NCAA ATHLETE
98,98,MALE,18,WHITE,US,NY,ROCKLAND,YES,YES,XC/TRACK AND FIELD,NONE,NO,END OF HIGH SCHOOL,4,YES,3,100.0,6,2,NO,YES,FRESHMAN,"MECHANICAL ENGINEERING, BS",BINGHAMTON UNIVERSITY,BINGHAMTON STUDENT,YES,YES,NO GPA YET,GRADUATE SCHOOL,NO,NONE,NO,0,0,NEUTRAL,NOT A NCAA ATHLETE,NOT A NCAA ATHLETE
99,99,MALE,18,WHITE,US,NY,ROCKLAND,YES,YES,XC/TRACK AND FIELD,BASEBALL,YES,END OF HIGH SCHOOL,2,YES,2,91.0,6,2,NO,YES,FRESHMAN,ATTENDS DIFFERENT COLLEGE,UNIVERSITY OF CONNECTICUT,BUSINESS MANAGEMENT,YES,NO,3.88,BOTH,NO,NONE,YES,0,0,POSITIVE EFFECT,NO,NOT A NCAA ATHLETE
100,100,MALE,18,HISPANIC OR LATINO,US,NY,ROCKLAND,NO,YES,XC/TRACK AND FIELD,NONE,YES,END OF HIGH SCHOOL,5,YES,2,92.0,6,3,NO,YES,SOPHOMORE,"MECHANICAL ENGINEERING, BS",ROCHESTER INSTITUTE OF TECHNOLOGY,UNKNOWN,YES,NO,3.2,BOTH,NO,NONE,NO,0,0,POSITIVE EFFECT,NO,NOT A NCAA ATHLETE
101,101,MALE,18,WHITE,US,NY,ROCKLAND,YES,YES,XC/TRACK AND FIELD,NONE,NO,END OF HIGH SCHOOL,2,YES,2,97.0,6,2,NO,YES,FRESHMAN,"BIOLOGICAL SCIENCES, BA",BINGHAMTON UNIVERSITY,BINGHAMTON STUDENT,YES,YES,NO GPA YET,BOTH,NO,NONE,NO,0,0,NEUTRAL,NOT A NCAA ATHLETE,NOT A NCAA ATHLETE
102,102,MALE,18,BLACK OR AFRICAN AMERICAN,US,NY,ROCKLAND,YES,YES,XC/TRACK AND FIELD,NONE,NO,END OF HIGH SCHOOL,8,NO,0,87.0,6,2,YES,NO,FRESHMAN,ATTENDS DIFFERENT COLLEGE,ROCKLAND COMMUNITY COLLEGE,PHYSICAL EDUCATION,NO,NO,NO GPA YET,EMPLOYMENT,NO,NONE,NO,0,0,POSITIVE EFFECT,NOT A NCAA ATHLETE,NOT A NCAA ATHLETE
103,103,MALE,18,BLACK OR AFRICAN AMERICAN,US,NY,ROCKLAND,NO,YES,XC/TRACK AND FIELD,XC/TRACK AND FIELD,YES,NEVER STOPPED,3,YES,2,UNKNOWN,6,2,NO,YES,FRESHMAN,ATTENDS DIFFERENT COLLEGE,STEVENS INSTITUTE OF TECHNOLOGY,MECHANICAL ENGINEERING,YES,DEFERRED,NO GPA YET,BOTH,YES,XC/TRACK AND FIELD,NO,6,2,POSITIVE EFFECT,NO,WALK ON
104,104,MALE,21,WHITE,US,DE,LEWES,YES,YES,NONE,NONE,NO,DURING HIGH SCHOOL,1,NO,0,97.0,0,0,NO,NO,SENIOR,"MATHEMATICAL SCIENCES, BA",BINGHAMTON UNIVERSITY,BINGHAMTON STUDENT,YES,YES,3.6,GRADUATE SCHOOL,NO,NONE,NO,0,0,NEUTRAL,NOT A NCAA ATHLETE,NOT A NCAA ATHLETE
105,105,MALE,19,WHITE,US,NY,ROCKLAND,YES,YES,XC/TRACK AND FIELD,NONE,YES,END OF HIGH SCHOOL,1,YES,5,101.0,7,2,NO,NO,SOPHOMORE,ATTENDS DIFFERENT COLLEGE,UNIVERSITY OF SOUTH CAROLINA,BIOLOGICAL SCIENCES,NO,NO,4,GRADUATE SCHOOL,NO,NONE,NO,0,0,NEUTRAL,NOT A NCAA ATHLETE,NOT A NCAA ATHLETE
106,106,MALE,21,WHITE,US,NY,ROCKLAND,YES,NO,BASEBALL,NONE,NO,BEFORE MIDDLE SCHOOL,3,YES,3,98.0,0,0,NO,NO,SENIOR,"PHILOSOPHY, POLITICS, AND LAW, BA",BINGHAMTON UNIVERSITY,BINGHAMTON STUDENT,YES,YES,3.8,GRADUATE SCHOOL,NO,NONE,NO,0,0,NEUTRAL,NO,NOT A NCAA ATHLETE
107,107,FEMALE,21,WHITE,US,NY,WESTCHESTER,YES,YES,SOFTBALL,NONE,YES,END OF HIGH SCHOOL,7,YES,2,93.0,5,2,NO,NO,SENIOR,"POLITICAL SCIENCE, BA",BINGHAMTON UNIVERSITY,BINGHAMTON STUDENT,YES,YES,3.98,GRADUATE SCHOOL,NO,NONE,NO,0,0,NEUTRAL,NO,NOT A NCAA ATHLETE
108,108,FEMALE,21,WHITE,US,NY,MONROE,NO,YES,XC/TRACK AND FIELD,NONE,NO,END OF HIGH SCHOOL,5,NO,0,93.0,6,2,NO,YES,SENIOR,"POLITICAL SCIENCE, BA",BINGHAMTON UNIVERSITY,BINGHAMTON STUDENT,YES,YES,3.58,GRADUATE SCHOOL,NO,NONE,NO,0,0,NEUTRAL,NOT A NCAA ATHLETE,NOT A NCAA ATHLETE
109,109,FEMALE,20,WHITE,US,NY,ROCKLAND,YES,YES,VOLLEYBALL,NONE,YES,END OF HIGH SCHOOL,7,YES,3,96.0,5,3,NO,YES,JUNIOR,"GEOGRAPHY, BA",BINGHAMTON UNIVERSITY,BINGHAMTON STUDENT,YES,YES,3.8,GRADUATE SCHOOL,NO,NONE,NO,0,0,NEUTRAL,NOT A NCAA ATHLETE,NOT A NCAA ATHLETE
110,110,FEMALE,19,WHITE,US,NY,ROCKLAND,YES,YES,FIELD HOCKEY,XC/TRACK AND FIELD,YES,END OF HIGH SCHOOL,8,YES,5,100.0,6,2,YES,YES,JUNIOR,"MATHEMATICAL SCIENCES, BA",BINGHAMTON UNIVERSITY,BINGHAMTON STUDENT,YES,YES,3.44,GRADUATE SCHOOL,NO,NONE,YES,0,0,POSITIVE EFFECT,NO,NOT A NCAA ATHLETE
111,111,FEMALE,21,WHITE,US,NY,ERIE,YES,YES,DANCE,NONE,NO,NEVER STOPPED,2,NO,0,97.0,7,2,NO,YES,SENIOR,"ECONOMICS, BA",BINGHAMTON UNIVERSITY,BINGHAMTON STUDENT,YES,YES,3.37,BOTH,NO,NONE,YES,0,0,NEUTRAL,NOT A NCAA ATHLETE,NOT A NCAA ATHLETE
112,112,FEMALE,18,WHITE,US,NY,MONROE,NO,YES,XC/TRACK AND FIELD,NONE,YES,END OF HIGH SCHOOL,5,YES,2,94.0,6,2,NO,YES,SOPHOMORE,"ECONOMICS, BA",BINGHAMTON UNIVERSITY,BINGHAMTON STUDENT,YES,YES,3.07,EMPLOYMENT,NO,NONE,YES,0,0,POSITIVE EFFECT,NOT A NCAA ATHLETE,NOT A NCAA ATHLETE
113,113,FEMALE,22,ASIAN,US,NY,BROOME,NO,NO,NONE,NONE,NO,NEVER PLAYED,8,YES,1,95.0,0,0,NO,NO,SENIOR,"MATHEMATICAL SCIENCES, BA",BINGHAMTON UNIVERSITY,BINGHAMTON STUDENT,YES,YES,3,EMPLOYMENT,NO,NONE,NO,0,0,NEUTRAL,NOT A NCAA ATHLETE,NOT A NCAA ATHLETE
114,114,FEMALE,21,WHITE,US,NY,NASSAU,YES,YES,SOCCER,VOLLEYBALL,NO,END OF HIGH SCHOOL,5,YES,2,92.0,5,2,NO,YES,SENIOR,"ENVIRONMENTAL STUDIES, BA",BINGHAMTON UNIVERSITY,BINGHAMTON STUDENT,YES,YES,3.25,BOTH,NO,NONE,NO,0,0,NEUTRAL,NOT A NCAA ATHLETE,NOT A NCAA ATHLETE
115,115,FEMALE,21,WHITE,US,NY,MONROE,YES,YES,GYMNASTICS,NONE,NO,DURING HIGH SCHOOL,4,YES,5,95.0,4,3,NO,NO,GRADUATE STUDENT,"MATHEMATICAL SCIENCES, BA",BINGHAMTON UNIVERSITY,BINGHAMTON STUDENT,YES,YES,3.64,GRADUATE SCHOOL,NO,NONE,NO,0,0,POSITIVE EFFECT,NOT A NCAA ATHLETE,NOT A NCAA ATHLETE
116,116,MALE,20,HISPANIC OR LATINO,US,NY,NASSAU,NO,YES,XC/TRACK AND FIELD,XC/TRACK AND FIELD,YES,NEVER STOPPED,6,YES,5,94.0,5,2,NO,YES,JUNIOR,"MATHEMATICAL SCIENCES, BA",BINGHAMTON UNIVERSITY,BINGHAMTON STUDENT,YES,YES,2.96,EMPLOYMENT,NO,NONE,NO,0,0,NEUTRAL,NOT A NCAA ATHLETE,NOT A NCAA ATHLETE
117,117,MALE,19,WHITE,US,NY,SUFFOLK,YES,YES,TENNIS,VOLLEYBALL,YES,NEVER STOPPED,3,YES,3,95.0,7,3,YES,YES,JUNIOR,"MATHEMATICAL SCIENCES, BA",BINGHAMTON UNIVERSITY,BINGHAMTON STUDENT,YES,YES,3.35,GRADUATE SCHOOL,NO,NONE,YES,0,0,POSITIVE EFFECT,NOT A NCAA ATHLETE,NOT A NCAA ATHLETE
118,118,FEMALE,19,"ASIAN, WHITE",US,NY,WESTCHESTER,YES,YES,SWIMMING AND DIVING,TENNIS,NO,END OF MIDDLE SCHOOL,8,YES,5,98.8,5,2,NO,YES,SOPHOMORE,"COMPUTER SCIENCE, BS",BINGHAMTON UNIVERSITY,"I AM ALSO  DOUBLE MAJOR, MATH AND CS",YES,YES,3.87,BOTH,NO,NONE,NO,0,0,NEUTRAL,NOT A NCAA ATHLETE,NOT A NCAA ATHLETE
119,119,FEMALE,21,WHITE,US,NY,MONROE,YES,YES,CHEER,XC/TRACK AND FIELD,YES,END OF HIGH SCHOOL,8,YES,2,97.0,6,2,NO,YES,SENIOR,"MATHEMATICAL SCIENCES, BA",BINGHAMTON UNIVERSITY,BINGHAMTON STUDENT,YES,YES,3.95,EMPLOYMENT,NO,NONE,YES,0,0,POSITIVE EFFECT,NO,NOT A NCAA ATHLETE
120,120,MALE,18,WHITE,US,NY,BRONX,NO,YES,VOLLEYBALL,NONE,YES,END OF HIGH SCHOOL,4,YES,2,98.86,4,2,NO,YES,FRESHMAN,"MATHEMATICAL SCIENCES, BA",BINGHAMTON UNIVERSITY,BINGHAMTON STUDENT,YES,YES,NO GPA YET,BOTH,NO,NONE,NO,0,0,NEUTRAL,NOT A NCAA ATHLETE,NOT A NCAA ATHLETE
121,121,MALE,18,WHITE,US,MA,BERKSHIRE,YES,YES,XC/TRACK AND FIELD,SWIMMING AND DIVING,YES,END OF HIGH SCHOOL,3,YES,4,97.0,6,2,NO,YES,FRESHMAN,"MATHEMATICAL SCIENCES, BA",BINGHAMTON UNIVERSITY,BINGHAMTON STUDENT,YES,YES,NO GPA YET,GRADUATE SCHOOL,NO,NONE,YES,0,0,NEUTRAL,NOT A NCAA ATHLETE,NOT A NCAA ATHLETE
122,122,MALE,19,WHITE,US,NY,BROOME,NO,NO,NONE,NONE,NO,NEVER PLAYED,1,YES,1,97.0,0,0,NO,NO,SOPHOMORE,"MATHEMATICAL SCIENCES, BS",BINGHAMTON UNIVERSITY,BINGHAMTON STUDENT,YES,YES,3.87,GRADUATE SCHOOL,NO,NONE,NO,0,0,NEUTRAL,NOT A NCAA ATHLETE,NOT A NCAA ATHLETE
123,123,FEMALE,18,"ASIAN, WHITE",US,NY,DUTCHESS,YES,NO,NONE,NONE,NO,END OF MIDDLE SCHOOL,5,YES,3,98.1,0,0,NO,YES,FRESHMAN,"MATHEMATICAL SCIENCES, BS",BINGHAMTON UNIVERSITY,BINGHAMTON STUDENT,YES,YES,NO GPA YET,EMPLOYMENT,NO,NONE,NO,0,0,NEUTRAL,NOT A NCAA ATHLETE,NOT A NCAA ATHLETE
124,124,MALE,19,WHITE,US,NY,TOMPKINS,YES,YES,LACROSSE,SOCCER,NO,END OF HIGH SCHOOL,5,YES,2,95.0,5,2,NO,YES,JUNIOR,"COMPUTER SCIENCE, BS",BINGHAMTON UNIVERSITY,BINGHAMTON STUDENT,YES,YES,3.8,GRADUATE SCHOOL,NO,NONE,NO,0,0,NO EFFECT,NOT A NCAA ATHLETE,NOT A NCAA ATHLETE
125,125,TRANSMASCULINE,19,"ASIAN, WHITE",US,NY,DUTCHESS,NO,NO,NONE,NONE,NO,NEVER PLAYED,3,YES,2,98.0,0,0,NO,NO,SOPHOMORE,"CHEMISTRY, BS",BINGHAMTON UNIVERSITY,BINGHAMTON STUDENT,YES,YES,3.42,GRADUATE SCHOOL,NO,NONE,NO,0,0,NEUTRAL,NO,NOT A NCAA ATHLETE
126,126,MALE,24,WHITE,US,NY,WESTCHESTER,YES,YES,XC/TRACK AND FIELD,NONE,YES,NEVER STOPPED,1,YES,3,91.0,6,2,YES,YES,ALUM,"COMPUTER SCIENCE, BS",BINGHAMTON UNIVERSITY,BINGHAMTON STUDENT,YES,YES,3.3,BOTH,NO,NONE,YES,0,0,POSITIVE EFFECT,NOT A NCAA ATHLETE,NOT A NCAA ATHLETE
127,127,NONBINARY,18,WHITE,US,VA,NEWPORT NEWS,YES,YES,FENCING,NONE,NO,NEVER STOPPED,4,YES,4,95.0,3,3,NO,YES,FRESHMAN,"MATHEMATICAL SCIENCES, BS",BINGHAMTON UNIVERSITY,BINGHAMTON STUDENT,YES,YES,NO GPA YET,GRADUATE SCHOOL,NO,NONE,YES,0,0,NO EFFECT,NO,NOT A NCAA ATHLETE
128,128,MALE,20,WHITE,US,NY,SUFFOLK,YES,YES,BASEBALL,XC/TRACK AND FIELD,YES,END OF HIGH SCHOOL,2,YES,3,96.0,6,2,NO,YES,JUNIOR,"MATHEMATICAL SCIENCES, BA",BINGHAMTON UNIVERSITY,BINGHAMTON STUDENT,YES,YES,3.2,GRADUATE SCHOOL,NO,NONE,YES,0,0,NEUTRAL,NOT A NCAA ATHLETE,NOT A NCAA ATHLETE
129,129,MALE,19,"ASIAN, WHITE",US,NY,MONROE,YES,NO,NONE,NONE,NO,BEFORE MIDDLE SCHOOL,4,YES,3,100.0,0,0,NO,NO,SOPHOMORE,ATTENDS DIFFERENT COLLEGE,BINGHAMTON UNIVERSITY,BINGHAMTON STUDENT,YES,YES,3.98,EMPLOYMENT,NO,NONE,NO,0,0,NEUTRAL,NOT A NCAA ATHLETE,NOT A NCAA ATHLETE
130,130,MALE,22,WHITE,US,NY,KINGS,YES,YES,GOLF,NONE,NO,END OF HIGH SCHOOL,2,YES,1,92.0,1,0,NO,NO,GRADUATE STUDENT,"MATHEMATICAL SCIENCES, BA",BINGHAMTON UNIVERSITY,BINGHAMTON STUDENT,YES,YES,3.28,BOTH,NO,NONE,NO,0,0,NEUTRAL,NOT A NCAA ATHLETE,NOT A NCAA ATHLETE
131,131,MALE,22,WHITE,US,CT,MIDDLESEX,NO,YES,XC/TRACK AND FIELD,NONE,NO,END OF HIGH SCHOOL,1,YES,2,95.0,5,2,NO,YES,GRADUATE STUDENT,"MATHEMATICAL SCIENCES, BS",BINGHAMTON UNIVERSITY,BINGHAMTON STUDENT,YES,YES,3.86,GRADUATE SCHOOL,NO,NONE,NO,0,0,NEUTRAL,NOT A NCAA ATHLETE,NOT A NCAA ATHLETE
132,132,MALE,21,WHITE,US,NY,SUFFOLK,YES,YES,SWIMMING AND DIVING,NONE,YES,NEVER STOPPED,1,YES,2,98.7,6,2,YES,YES,SENIOR,"MATHEMATICAL SCIENCES, BA",BINGHAMTON UNIVERSITY,BINGHAMTON STUDENT,YES,YES,4,EMPLOYMENT,YES,SWIMMING AND DIVING,NO,6,3,POSITIVE EFFECT,YES,RECRUITED
133,133,FEMALE,21,ASIAN,CHINA,NOT FROM US,CHINA,NO,NO,VOLLEYBALL,TENNIS,NO,END OF HIGH SCHOOL,7,NO,0,93.0,0,0,NO,NO,SENIOR,"MATHEMATICAL SCIENCES, BS",BINGHAMTON UNIVERSITY,BINGHAMTON STUDENT,YES,YES,3.73,GRADUATE SCHOOL,NO,NONE,NO,0,0,NEUTRAL,NO,NOT A NCAA ATHLETE
134,134,MALE,19,WHITE,US,NY,TIOGA,YES,YES,BASEBALL,BASKETBALL,YES,END OF HIGH SCHOOL,1,NO,0,100.0,6,3,NO,YES,JUNIOR,"MATHEMATICAL SCIENCES, BA",BINGHAMTON UNIVERSITY,BINGHAMTON STUDENT,YES,YES,3.7,EMPLOYMENT,NO,NONE,NO,0,0,NEUTRAL,NOT A NCAA ATHLETE,NOT A NCAA ATHLETE
135,135,FEMALE,21,WHITE,US,NY,WARREN,YES,YES,SKIING,NONE,NO,END OF HIGH SCHOOL,4,YES,2,96.0,5,4,NO,YES,SENIOR,"MATHEMATICAL SCIENCES, BA",BINGHAMTON UNIVERSITY,BINGHAMTON STUDENT,YES,YES,3.22,EMPLOYMENT,NO,NONE,NO,0,0,NEUTRAL,NOT A NCAA ATHLETE,NOT A NCAA ATHLETE
136,136,FEMALE,18,WHITE,US,NY,MONROE,NO,YES,SKIING,NONE,NO,END OF HIGH SCHOOL,4,YES,4,98.0,4,2,NO,YES,FRESHMAN,"MATHEMATICAL SCIENCES, BA",BINGHAMTON UNIVERSITY,BINGHAMTON STUDENT,YES,YES,NO GPA YET,GRADUATE SCHOOL,NO,NONE,NO,0,0,NEUTRAL,NOT A NCAA ATHLETE,NOT A NCAA ATHLETE
137,137,MALE,19,WHITE,US,NY,NASSAU,YES,YES,BASEBALL,BASKETBALL,YES,END OF HIGH SCHOOL,2,YES,2,96.0,6,2,NO,YES,JUNIOR,"MATHEMATICAL SCIENCES, BS",BINGHAMTON UNIVERSITY,BINGHAMTON STUDENT,YES,YES,3.5,GRADUATE SCHOOL,NO,NONE,YES,0,0,POSITIVE EFFECT,NOT A NCAA ATHLETE,NOT A NCAA ATHLETE
138,138,MALE,18,"NATIVE HAWAIIAN OR PACIFIC ISLANDER, WHITE",US,NY,ERIE,YES,YES,LACROSSE,GOLF,YES,NEVER STOPPED,5,YES,3,96.0,5,1,YES,YES,FRESHMAN,"MATHEMATICAL SCIENCES, BA",BINGHAMTON UNIVERSITY,BINGHAMTON STUDENT,YES,YES,NO GPA YET,EMPLOYMENT,NO,NONE,YES,0,0,NEUTRAL,NOT A NCAA ATHLETE,NOT A NCAA ATHLETE
139,139,FEMALE,19,WHITE,US,NY,ERIE,YES,NO,NONE,NONE,NO,BEFORE MIDDLE SCHOOL,5,YES,5,97.0,0,0,NO,NO,SOPHOMORE,"MATHEMATICAL SCIENCES, BA",BINGHAMTON UNIVERSITY,BINGHAMTON STUDENT,YES,YES,3.88,EMPLOYMENT,NO,NONE,NO,0,0,NEUTRAL,NOT A NCAA ATHLETE,NOT A NCAA ATHLETE
140,140,MALE,20,WHITE,US,NY,WESTCHESTER,YES,YES,BASEBALL,AMERICAN FOOTBALL,NO,END OF HIGH SCHOOL,1,YES,4,95.0,5,2,NO,YES,JUNIOR,"MATHEMATICAL SCIENCES, BA",BINGHAMTON UNIVERSITY,BINGHAMTON STUDENT,YES,YES,4,GRADUATE SCHOOL,NO,NONE,NO,0,0,NEUTRAL,NOT A NCAA ATHLETE,NOT A NCAA ATHLETE
141,141,MALE,20,WHITE,US,NY,SUFFOLK,YES,YES,WRESTLING,NONE,NO,END OF HIGH SCHOOL,0,YES,2,97.73,6,3,NO,YES,JUNIOR,"MATHEMATICAL SCIENCES, BA",BINGHAMTON UNIVERSITY,BINGHAMTON STUDENT,YES,YES,3.4,EMPLOYMENT,NO,NONE,YES,0,0,NO EFFECT,NOT A NCAA ATHLETE,NOT A NCAA ATHLETE
142,142,MALE,20,ASIAN,US,NY,WESTCHESTER,NO,NO,NONE,NONE,NO,NEVER PLAYED,4,YES,2,96.0,0,0,NO,NO,JUNIOR,"MATHEMATICAL SCIENCES, BS",BINGHAMTON UNIVERSITY,BINGHAMTON STUDENT,YES,YES,3.98,EMPLOYMENT,NO,NONE,NO,0,0,NEUTRAL,NOT A NCAA ATHLETE,NOT A NCAA ATHLETE
143,143,MALE,20,WHITE,US,NY,QUEENS,YES,NO,NONE,NONE,NO,NEVER PLAYED,1,YES,1,92.0,0,0,NO,NO,JUNIOR,"MATHEMATICAL SCIENCES, BS",BINGHAMTON UNIVERSITY,BINGHAMTON STUDENT,YES,YES,4,GRADUATE SCHOOL,NO,NONE,NO,0,0,NEUTRAL,NOT A NCAA ATHLETE,NOT A NCAA ATHLETE
144,144,FEMALE,19,ASIAN,US,NY,QUEENS,NO,YES,SOFTBALL,DANCE,NO,DURING HIGH SCHOOL,3,NO,0,98.0,4,2,NO,NO,SOPHOMORE,"BUSINESS ADMINISTRATION, BS",BINGHAMTON UNIVERSITY,BINGHAMTON STUDENT,YES,YES,3.71,EMPLOYMENT,NO,NONE,NO,0,0,NO EFFECT,NOT A NCAA ATHLETE,NOT A NCAA ATHLETE
145,145,MALE,20,WHITE,US,NY,GENESEE,YES,YES,HOCKEY,BASEBALL,YES,END OF HIGH SCHOOL,3,YES,4,98.0,7,2,NO,YES,JUNIOR,"MATHEMATICAL SCIENCES, BA",BINGHAMTON UNIVERSITY,BINGHAMTON STUDENT,YES,YES,3.3,EMPLOYMENT,NO,NONE,YES,0,0,NEUTRAL,NOT A NCAA ATHLETE,NOT A NCAA ATHLETE
146,146,FEMALE,20,WHITE,US,NY,ERIE,YES,YES,SOFTBALL,BASKETBALL,YES,NEVER STOPPED,1,YES,2,98.5,5,2,YES,YES,JUNIOR,"MATHEMATICAL SCIENCES, BS",BINGHAMTON UNIVERSITY,BINGHAMTON STUDENT,YES,YES,3.3,BOTH,NO,NONE,YES,0,0,NEUTRAL,NOT A NCAA ATHLETE,NOT A NCAA ATHLETE
147,147,MALE,18,WHITE,US,NY,MONROE,YES,NO,NONE,NONE,NO,END OF MIDDLE SCHOOL,6,YES,4,98.0,0,0,NO,NO,FRESHMAN,"MATHEMATICAL SCIENCES, BA",BINGHAMTON UNIVERSITY,BINGHAMTON STUDENT,YES,YES,NO GPA YET,GRADUATE SCHOOL,NO,NONE,NO,0,0,NEUTRAL,NOT A NCAA ATHLETE,NOT A NCAA ATHLETE
148,148,MALE,21,WHITE,US,PA,BUCKS,YES,YES,SOCCER,NONE,NO,END OF HIGH SCHOOL,2,YES,2,92.0,3,2,NO,YES,JUNIOR,"MATHEMATICAL SCIENCES, BS",BINGHAMTON UNIVERSITY,BINGHAMTON STUDENT,YES,YES,3.78,EMPLOYMENT,NO,NONE,YES,0,0,NEUTRAL,NO,NOT A NCAA ATHLETE
149,149,MALE,21,WHITE,US,NY,SCHOHARIE,YES,YES,AMERICAN FOOTBALL,XC/TRACK AND FIELD,NO,END OF HIGH SCHOOL,5,YES,2,93.0,6,3,NO,YES,SENIOR,"MATHEMATICAL SCIENCES, BS",BINGHAMTON UNIVERSITY,BINGHAMTON STUDENT,YES,YES,3.96,GRADUATE SCHOOL,NO,NONE,NO,0,0,NEUTRAL,NOT A NCAA ATHLETE,NOT A NCAA ATHLETE
150,150,TRANS/QUEER/NONBINARY,18,WHITE,US,NY,ONONDAGA,YES,NO,NONE,NONE,NO,BEFORE MIDDLE SCHOOL,8,YES,4,99.0,0,0,NO,NO,SOPHOMORE,"MATHEMATICAL SCIENCES, BS",BINGHAMTON UNIVERSITY,BINGHAMTON STUDENT,YES,YES,4,GRADUATE SCHOOL,NO,NONE,NO,0,0,NEUTRAL,NOT A NCAA ATHLETE,NOT A NCAA ATHLETE
151,151,FEMALE,21,WHITE,US,NY,WESTCHESTER,NO,YES,LACROSSE,NONE,NO,DURING HIGH SCHOOL,15,YES,2,98.0,5,3,NO,YES,SENIOR,"MATHEMATICAL SCIENCES, BA",BINGHAMTON UNIVERSITY,BINGHAMTON STUDENT,YES,YES,2.94,BOTH,NO,NONE,NO,0,0,NEUTRAL,NO,NOT A NCAA ATHLETE
152,152,MALE,19,ASIAN,US,NY,NASSAU,NO,NO,NONE,NONE,NO,NEVER PLAYED,8,YES,4,99.94,0,0,NO,NO,SOPHOMORE,"MATHEMATICAL SCIENCES, BA",BINGHAMTON UNIVERSITY,BINGHAMTON STUDENT,YES,YES,3.89,EMPLOYMENT,NO,NONE,NO,0,0,NEUTRAL,NOT A NCAA ATHLETE,NOT A NCAA ATHLETE
153,153,MALE,18,BLACK OR AFRICAN AMERICAN,US,NY,ORANGE,YES,YES,XC/TRACK AND FIELD,NONE,NO,END OF HIGH SCHOOL,3,YES,5,95.0,7,3,YES,YES,SOPHOMORE,"MATHEMATICAL SCIENCES, BS",BINGHAMTON UNIVERSITY,BINGHAMTON STUDENT,YES,YES,3.2,BOTH,NO,NONE,YES,0,0,NEUTRAL,NOT A NCAA ATHLETE,NOT A NCAA ATHLETE
154,154,FEMALE,19,ASIAN,US,NJ,MIDDLESEX,YES,YES,WRESTLING,SOFTBALL,YES,END OF HIGH SCHOOL,8,YES,4,87.5,7,3,NO,YES,JUNIOR,"MATHEMATICAL SCIENCES, BA",BINGHAMTON UNIVERSITY,BINGHAMTON STUDENT,YES,YES,3.31,EMPLOYMENT,NO,NONE,YES,0,0,POSITIVE EFFECT,NO,NOT A NCAA ATHLETE
155,155,MALE,23,ASIAN,US,NY,TOMPKINS,NO,NO,NONE,NONE,NO,NEVER PLAYED,8,YES,2,UNKNOWN,0,0,NO,NO,GRADUATE STUDENT,"MATHEMATICAL SCIENCES, BA",BINGHAMTON UNIVERSITY,BINGHAMTON STUDENT,YES,YES,3.626,BOTH,NO,NONE,NO,0,0,NEUTRAL,NOT A NCAA ATHLETE,NOT A NCAA ATHLETE
156,156,MALE,18,WHITE,US,NY,RICHMOND,YES,YES,XC/TRACK AND FIELD,NONE,YES,NEVER STOPPED,5,NO,0,97.0,7,2,YES,YES,FRESHMAN,"MATHEMATICAL SCIENCES, BA",BINGHAMTON UNIVERSITY,BINGHAMTON STUDENT,YES,YES,NO GPA YET,BOTH,NO,NONE,NO,0,0,POSITIVE EFFECT,NOT A NCAA ATHLETE,NOT A NCAA ATHLETE
157,157,FEMALE,19,WHITE,US,NY,ONONDAGA,YES,NO,NONE,NONE,NO,BEFORE MIDDLE SCHOOL,8,YES,5,99.0,0,0,NO,NO,SOPHOMORE,"MATHEMATICAL SCIENCES, BA",BINGHAMTON UNIVERSITY,BINGHAMTON STUDENT,YES,YES,3.92,EMPLOYMENT,NO,NONE,NO,0,0,NEUTRAL,NOT A NCAA ATHLETE,NOT A NCAA ATHLETE
158,158,FEMALE,21,WHITE,US,NY,WAYNE,YES,YES,TENNIS,XC/TRACK AND FIELD,YES,END OF HIGH SCHOOL,4,YES,5,99.0,5,3,NO,NO,GRADUATE STUDENT,"MATHEMATICAL SCIENCES, BA",BINGHAMTON UNIVERSITY,BINGHAMTON STUDENT,YES,YES,3.89,GRADUATE SCHOOL,NO,NONE,NO,0,0,NO EFFECT,NOT A NCAA ATHLETE,NOT A NCAA ATHLETE
159,159,FEMALE,20,WHITE,US,PA,MONTGOMERY,YES,YES,TENNIS,XC/TRACK AND FIELD,YES,NEVER STOPPED,8,YES,2,UNKNOWN,5,2,NO,YES,JUNIOR,"MATHEMATICAL SCIENCES, BS",BINGHAMTON UNIVERSITY,BINGHAMTON STUDENT,YES,YES,3.96,BOTH,NO,NONE,YES,0,0,NEUTRAL,NOT A NCAA ATHLETE,NOT A NCAA ATHLETE
160,160,FEMALE,18,WHITE,US,NY,PUTNAM,YES,YES,FIELD HOCKEY,GOLF,YES,END OF HIGH SCHOOL,4,YES,3,98.0,6,2,NO,YES,FRESHMAN,"ECONOMICS, BA",BINGHAMTON UNIVERSITY,BINGHAMTON STUDENT,YES,YES,NO GPA YET,EMPLOYMENT,NO,NONE,NO,0,0,NEUTRAL,NOT A NCAA ATHLETE,NOT A NCAA ATHLETE
161,161,FEMALE,20,WHITE,US,NY,RICHMOND,YES,YES,DANCE,SOCCER,YES,END OF HIGH SCHOOL,4,YES,5,95.0,4,2,NO,YES,GRADUATE STUDENT,"POLITICAL SCIENCE, BA",BINGHAMTON UNIVERSITY,BINGHAMTON STUDENT,YES,YES,3.6,EMPLOYMENT,NO,NONE,NO,0,0,NEUTRAL,NOT A NCAA ATHLETE,NOT A NCAA ATHLETE
162,162,MALE,18,WHITE,US,NY,SUFFOLK,YES,YES,HOCKEY,BASKETBALL,YES,DURING HIGH SCHOOL,1,YES,3,97.0,0,0,NO,YES,FRESHMAN,UNDECLARED,BINGHAMTON UNIVERSITY,BINGHAMTON STUDENT,YES,YES,NO GPA YET,EMPLOYMENT,NO,NONE,NO,0,0,POSITIVE EFFECT,NOT A NCAA ATHLETE,NOT A NCAA ATHLETE
163,163,MALE,22,WHITE,US,MA,MIDDLESEX,YES,YES,VOLLEYBALL,NONE,NO,DURING HIGH SCHOOL,8,YES,2,94.0,5,2,NO,YES,SENIOR,"CHEMISTRY, BS",BINGHAMTON UNIVERSITY,BINGHAMTON STUDENT,YES,YES,3.82,BOTH,NO,NONE,NO,0,0,NEUTRAL,NOT A NCAA ATHLETE,NOT A NCAA ATHLETE
164,164,FEMALE,21,WHITE,US,NY,SULLIVAN,YES,YES,CHEER,NONE,NO,END OF HIGH SCHOOL,8,YES,5,100.0,4,2,NO,YES,SENIOR,"ENVIRONMENTAL STUDIES, BA",BINGHAMTON UNIVERSITY,BINGHAMTON STUDENT,YES,YES,3.65,GRADUATE SCHOOL,NO,NONE,YES,0,0,NEUTRAL,NOT A NCAA ATHLETE,NOT A NCAA ATHLETE
165,165,MALE,19,WHITE,US,NY,CHEMUNG,NO,YES,TENNIS,NONE,YES,NEVER STOPPED,6,YES,2,98.0,5,2,NO,YES,FRESHMAN,"MECHANICAL ENGINEERING, BS",BINGHAMTON UNIVERSITY,BINGHAMTON STUDENT,YES,YES,NO GPA YET,EMPLOYMENT,NO,NONE,YES,0,0,POSITIVE EFFECT,NOT A NCAA ATHLETE,NOT A NCAA ATHLETE
166,166,MALE,17,ASIAN,US,NY,ROCKLAND,NO,YES,NONE,NONE,NO,DURING HIGH SCHOOL,4,YES,5,98.0,0,0,YES,YES,FRESHMAN,"INTEGRATIVE NEUROSCIENCE, BS",BINGHAMTON UNIVERSITY,BINGHAMTON STUDENT,YES,YES,NO GPA YET,BOTH,NO,NONE,YES,0,0,NEGATIVE EFFECT,NO,NOT A NCAA ATHLETE
167,167,FEMALE,19,WHITE,US,NY,LEWIS,YES,YES,CHEER,NONE,YES,END OF HIGH SCHOOL,3,YES,5,99.0,6,2,NO,YES,SOPHOMORE,"MATHEMATICAL SCIENCES, BA",BINGHAMTON UNIVERSITY,BINGHAMTON STUDENT,YES,YES,3.76,BOTH,NO,NONE,NO,0,0,NO EFFECT,NO,NOT A NCAA ATHLETE
168,168,FEMALE,18,WHITE,US,NY,KINGS,YES,YES,SOFTBALL,VOLLEYBALL,NO,NEVER STOPPED,8,YES,5,100.0,7,3,NO,YES,FRESHMAN,"PHILOSOPHY, POLITICS, AND LAW, BA",BINGHAMTON UNIVERSITY,BINGHAMTON STUDENT,YES,YES,NO GPA YET,BOTH,NO,NONE,NO,0,0,NO EFFECT,NOT A NCAA ATHLETE,NOT A NCAA ATHLETE
169,169,FEMALE,18,WHITE,US,NY,DELAWARE,YES,YES,HOCKEY,XC/TRACK AND FIELD,NO,END OF HIGH SCHOOL,2,YES,5,94.0,5,2,NO,YES,FRESHMAN,"INTEGRATIVE NEUROSCIENCE, BS",BINGHAMTON UNIVERSITY,BINGHAMTON STUDENT,YES,YES,NO GPA YET,BOTH,NO,NONE,NO,0,0,POSITIVE EFFECT,NOT A NCAA ATHLETE,NOT A NCAA ATHLETE
170,170,FEMALE,18,ASIAN,US,NY,QUEENS,NO,NO,NONE,NONE,NO,NEVER PLAYED,2,YES,3,100.0,0,0,NO,NO,FRESHMAN,UNDECLARED,BINGHAMTON UNIVERSITY,BINGHAMTON STUDENT,YES,YES,NO GPA YET,EMPLOYMENT,NO,NONE,NO,0,0,NEUTRAL,NOT A NCAA ATHLETE,NOT A NCAA ATHLETE
171,171,FEMALE,18,WHITE,US,NY,SARATOGA,YES,NO,SOCCER,NONE,NO,BEFORE MIDDLE SCHOOL,3,YES,5,97.0,0,0,NO,NO,FRESHMAN,"ACCOUNTING, BS",BINGHAMTON UNIVERSITY,BINGHAMTON STUDENT,YES,YES,NO GPA YET,GRADUATE SCHOOL,NO,NONE,NO,0,0,NEUTRAL,NO,NOT A NCAA ATHLETE
172,172,FEMALE,39,WHITE,US,NY,UNKNOWN,NO,YES,TENNIS,XC/TRACK AND FIELD,NO,END OF HIGH SCHOOL,6,YES,5,89.0,5,3,NO,NO,ALUM,"MUSIC, BA",BINGHAMTON UNIVERSITY,BINGHAMTON STUDENT,YES,YES,3.4,GRADUATE SCHOOL,NO,NONE,NO,0,0,NO EFFECT,NOT A NCAA ATHLETE,NOT A NCAA ATHLETE
173,173,MALE,21,WHITE,US,NY,STEUBEN,YES,YES,GOLF,NONE,NO,DURING HIGH SCHOOL,5,NO,0,92.0,4,2,NO,YES,SENIOR,"HISTORY, BA",BINGHAMTON UNIVERSITY,BINGHAMTON STUDENT,YES,YES,3.45,EMPLOYMENT,NO,NONE,NO,0,0,NEUTRAL,NOT A NCAA ATHLETE,NOT A NCAA ATHLETE
174,174,MALE,19,WHITE,US,NY,LIVINGSTON,YES,YES,XC/TRACK AND FIELD,NONE,YES,NEVER STOPPED,0,YES,5,100.85,6,2,NO,YES,JUNIOR,"HISTORY, BA",BINGHAMTON UNIVERSITY,BINGHAMTON STUDENT,YES,YES,3.86,GRADUATE SCHOOL,NO,NONE,NO,0,0,POSITIVE EFFECT,NO,NOT A NCAA ATHLETE
175,175,MALE,21,ASIAN,US,NY,QUEENS,NO,NO,NONE,NONE,NO,NEVER PLAYED,3,YES,3,93.0,0,0,NO,NO,SENIOR,"ECONOMICS, BA",BINGHAMTON UNIVERSITY,BINGHAMTON STUDENT,YES,YES,3.4,GRADUATE SCHOOL,NO,NONE,NO,0,0,NEUTRAL,NOT A NCAA ATHLETE,NOT A NCAA ATHLETE
176,176,FEMALE,20,WHITE,US,NY,ONEIDA,YES,YES,DANCE,NONE,NO,END OF HIGH SCHOOL,8,YES,5,98.0,7,2,YES,YES,SENIOR,"HISTORY, BA",BINGHAMTON UNIVERSITY,BINGHAMTON STUDENT,YES,YES,3.98,GRADUATE SCHOOL,NO,NONE,NO,5,2,POSITIVE EFFECT,NOT A NCAA ATHLETE,NOT A NCAA ATHLETE
177,177,FEMALE,19,"HISPANIC OR LATINO, WHITE",US,NY,ORANGE,YES,YES,DANCE,NONE,NO,BEFORE MIDDLE SCHOOL,3,YES,3,90.0,0,0,NO,NO,SOPHOMORE,"PSYCHOLOGY, BA",BINGHAMTON UNIVERSITY,BINGHAMTON STUDENT,YES,YES,3.1,BOTH,NO,NONE,NO,0,0,NO EFFECT,NOT A NCAA ATHLETE,NOT A NCAA ATHLETE
178,178,FEMALE,20,WHITE,US,NY,LIVINGSTON,YES,YES,BASKETBALL,SOCCER,YES,END OF HIGH SCHOOL,5,YES,2,100.0,6,2,NO,YES,JUNIOR,"HISTORY, BA",BINGHAMTON UNIVERSITY,BINGHAMTON STUDENT,YES,YES,3.94,GRADUATE SCHOOL,NO,NONE,NO,0,0,NEUTRAL,NOT A NCAA ATHLETE,NOT A NCAA ATHLETE
179,179,PREFER NOT TO SAY,18,WHITE,US,PA,YORK,NO,NO,NONE,NONE,NO,NEVER PLAYED,4,YES,3,95.0,0,0,NO,NO,FRESHMAN,UNDECLARED,BINGHAMTON UNIVERSITY,BINGHAMTON STUDENT,YES,YES,NO GPA YET,EMPLOYMENT,NO,NONE,NO,0,0,NEUTRAL,NOT A NCAA ATHLETE,NOT A NCAA ATHLETE
180,180,FEMALE,20,HISPANIC OR LATINO,US,NY,WESTCHESTER,YES,YES,TENNIS,BOWLING,YES,END OF HIGH SCHOOL,4,YES,3,99.98,4,2,NO,YES,JUNIOR,"PHILOSOPHY, POLITICS, AND LAW, BA",BINGHAMTON UNIVERSITY,BINGHAMTON STUDENT,YES,YES,3.79,GRADUATE SCHOOL,NO,NONE,NO,0,0,POSITIVE EFFECT,NO,NOT A NCAA ATHLETE
181,181,MALE,19,WHITE,US,NY,SARATOGA,NO,NO,NONE,NONE,NO,NEVER PLAYED,3,YES,5,96.0,0,0,NO,NO,SOPHOMORE,"BIOLOGICAL SCIENCES, BA",BINGHAMTON UNIVERSITY,BINGHAMTON STUDENT,YES,YES,3.83,BOTH,NO,NONE,NO,0,0,NEUTRAL,NOT A NCAA ATHLETE,NOT A NCAA ATHLETE
182,182,FEMALE,19,"WHITE, SOUTH ASIAN",US,NY,PUTNAM,YES,YES,SOFTBALL,NONE,NO,DURING HIGH SCHOOL,5,YES,5,95.0,2,1,NO,NO,SOPHOMORE,"ECONOMICS, BA",BINGHAMTON UNIVERSITY,BINGHAMTON STUDENT,YES,YES,3.33,BOTH,NO,NONE,NO,0,0,NEUTRAL,NO,NOT A NCAA ATHLETE
183,183,MALE,18,ASIAN,US,NY,RICHMOND,NO,NO,NONE,NONE,NO,NEVER PLAYED,5,NO,0,99.87,0,0,NO,NO,SOPHOMORE,"ECONOMICS, BA",BINGHAMTON UNIVERSITY,BINGHAMTON STUDENT,YES,YES,3.7,BOTH,NO,NONE,NO,0,0,POSITIVE EFFECT,NOT A NCAA ATHLETE,NOT A NCAA ATHLETE
184,184,FEMALE,19,WHITE,US,NY,KINGS,NO,NO,NONE,NONE,NO,NEVER PLAYED,5,YES,3,98.5,0,0,NO,NO,JUNIOR,"ELECTRICAL ENGINEERING, BS",BINGHAMTON UNIVERSITY,BINGHAMTON STUDENT,YES,YES,3.5,BOTH,NO,NONE,NO,0,0,NEUTRAL,NO,NOT A NCAA ATHLETE
185,185,FEMALE,21,"BLACK OR AFRICAN AMERICAN, WHITE",US,NY,ALBANY,YES,YES,BASKETBALL,XC/TRACK AND FIELD,NO,DURING HIGH SCHOOL,5,YES,3,UNKNOWN,6,3,NO,YES,SENIOR,"ECONOMICS, BA",BINGHAMTON UNIVERSITY,BINGHAMTON STUDENT,YES,YES,3,BOTH,NO,NONE,NO,0,0,NEUTRAL,NO,NOT A NCAA ATHLETE
186,186,FEMALE,21,WHITE,US,NY,STEUBEN,YES,NO,NONE,NONE,NO,END OF MIDDLE SCHOOL,8,YES,5,94.0,0,0,NO,NO,SENIOR,"ENVIRONMENTAL SCIENCE, BS",BINGHAMTON UNIVERSITY,BINGHAMTON STUDENT,YES,YES,3.1,EMPLOYMENT,NO,NONE,NO,0,0,NEUTRAL,NOT A NCAA ATHLETE,NOT A NCAA ATHLETE
187,187,FEMALE,19,ASIAN,US,NY,KINGS,NO,NO,NONE,NONE,NO,NEVER PLAYED,2,YES,2,98.0,0,0,NO,NO,JUNIOR,"MATHEMATICAL SCIENCES, BA",BINGHAMTON UNIVERSITY,BINGHAMTON STUDENT,YES,YES,3.52,EMPLOYMENT,NO,NONE,NO,0,0,NEUTRAL,NOT A NCAA ATHLETE,NOT A NCAA ATHLETE
188,188,FEMALE,21,ASIAN,US,NY,QUEENS,NO,YES,DANCE,NONE,NO,END OF MIDDLE SCHOOL,2,YES,4,99.0,0,0,NO,NO,SENIOR,"ECONOMICS, BA",BINGHAMTON UNIVERSITY,BINGHAMTON STUDENT,YES,YES,3,EMPLOYMENT,NO,NONE,NO,0,0,NEUTRAL,NO,NOT A NCAA ATHLETE
189,189,MALE,20,"HISPANIC OR LATINO, WHITE",US,NY,ULSTER,NO,YES,XC/TRACK AND FIELD,NONE,NO,NEVER STOPPED,1,YES,2,94.0,5,2,YES,YES,JUNIOR,"ECONOMICS, BS",BINGHAMTON UNIVERSITY,BINGHAMTON STUDENT,YES,YES,3,BOTH,YES,XC/TRACK AND FIELD,NO,5,3,NEGATIVE EFFECT,NO,RECRUITED
190,190,FEMALE,21,WHITE,US,NY,SUFFOLK,YES,YES,GYMNASTICS,SOCCER,NO,DURING HIGH SCHOOL,5,YES,3,100.0,4,2,NO,NO,SENIOR,"MATHEMATICAL SCIENCES, BA",BINGHAMTON UNIVERSITY,BINGHAMTON STUDENT,YES,YES,3.9,EMPLOYMENT,NO,NONE,YES,0,0,NO EFFECT,NO,NOT A NCAA ATHLETE
191,191,FEMALE,21,WHITE,US,NY,ESSEX,YES,YES,XC/TRACK AND FIELD,BASKETBALL,NO,NEVER STOPPED,6,YES,2,100.0,5,2,NO,YES,SENIOR,"ECONOMICS, BS",BINGHAMTON UNIVERSITY,BINGHAMTON STUDENT,YES,YES,3.68,EMPLOYMENT,NO,NONE,YES,0,0,NEUTRAL,NOT A NCAA ATHLETE,NOT A NCAA ATHLETE
192,192,FEMALE,20,WHITE,US,NY,ONONDAGA,YES,YES,XC/TRACK AND FIELD,NONE,YES,END OF HIGH SCHOOL,4,YES,2,102.0,5,2,NO,YES,SENIOR,"ECONOMICS, BS",BINGHAMTON UNIVERSITY,BINGHAMTON STUDENT,YES,YES,4,EMPLOYMENT,NO,NONE,NO,0,0,POSITIVE EFFECT,NOT A NCAA ATHLETE,NOT A NCAA ATHLETE
193,193,MALE,20,ASIAN,US,NY,BROOME,YES,YES,SOCCER,TENNIS,YES,NEVER STOPPED,8,YES,5,97.0,7,4,YES,YES,JUNIOR,"ECONOMICS, BA",BINGHAMTON UNIVERSITY,BINGHAMTON STUDENT,YES,YES,3.4,EMPLOYMENT,NO,NONE,YES,0,0,POSITIVE EFFECT,NO,NOT A NCAA ATHLETE
194,194,FEMALE,20,ASIAN,US,NY,QUEENS,NO,NO,NONE,NONE,NO,NEVER PLAYED,8,YES,3,92.0,0,0,NO,NO,JUNIOR,"ECONOMICS, BA",BINGHAMTON UNIVERSITY,BINGHAMTON STUDENT,YES,YES,3.5,EMPLOYMENT,NO,NONE,NO,0,0,NO EFFECT,NO,NOT A NCAA ATHLETE
195,195,MALE,20,WHITE,US,NY,MONROE,YES,YES,AMERICAN FOOTBALL,LACROSSE,YES,END OF HIGH SCHOOL,6,YES,2,93.0,5,2,NO,YES,JUNIOR,"ECONOMICS, BA",BINGHAMTON UNIVERSITY,BINGHAMTON STUDENT,YES,YES,3.72,GRADUATE SCHOOL,NO,NONE,YES,0,0,POSITIVE EFFECT,NOT A NCAA ATHLETE,NOT A NCAA ATHLETE
196,196,FEMALE,21,WHITE,US,NY,BROOME,YES,YES,DANCE,NONE,YES,END OF HIGH SCHOOL,4,YES,3,100.6,5,3,YES,YES,SENIOR,"ECONOMICS, BS",BINGHAMTON UNIVERSITY,BINGHAMTON STUDENT,YES,YES,3.5,BOTH,NO,NONE,NO,0,0,NEUTRAL,NOT A NCAA ATHLETE,NOT A NCAA ATHLETE
197,197,MALE,19,ASIAN,US,NY,WESTCHESTER,YES,YES,XC/TRACK AND FIELD,NONE,YES,END OF HIGH SCHOOL,8,YES,1,98.0,6,3,NO,YES,SOPHOMORE,"ECONOMICS, BS",BINGHAMTON UNIVERSITY,BINGHAMTON STUDENT,YES,YES,4,BOTH,NO,NONE,NO,0,0,NO EFFECT,NOT A NCAA ATHLETE,NOT A NCAA ATHLETE
198,198,MALE,27,WHITE,US,NY,SUFFOLK,YES,YES,ROWING,NONE,NO,NEVER STOPPED,4,YES,2,92.0,5,3,NO,YES,SENIOR,"ECONOMICS, BA",BINGHAMTON UNIVERSITY,BINGHAMTON STUDENT,YES,YES,3,EMPLOYMENT,NO,NONE,NO,0,0,NEUTRAL,NOT A NCAA ATHLETE,NOT A NCAA ATHLETE
199,199,FEMALE,18,WHITE,US,NY,ONEIDA,YES,YES,SOCCER,SOFTBALL,YES,END OF HIGH SCHOOL,8,YES,4,99.0,6,2,YES,YES,FRESHMAN,"ECONOMICS, BA",BINGHAMTON UNIVERSITY,BINGHAMTON STUDENT,YES,YES,NO GPA YET,GRADUATE SCHOOL,NO,NONE,NO,0,0,POSITIVE EFFECT,NOT A NCAA ATHLETE,NOT A NCAA ATHLETE
200,200,MALE,19,BLACK OR AFRICAN AMERICAN,US,NY,QUEENS,YES,YES,SOCCER,VOLLEYBALL,NO,NEVER STOPPED,15,YES,1,85.0,2,3,NO,NO,JUNIOR,"ECONOMICS, BS",BINGHAMTON UNIVERSITY,BINGHAMTON STUDENT,YES,YES,3.34,BOTH,NO,NONE,YES,0,0,NEUTRAL,NO,NOT A NCAA ATHLETE
201,201,FEMALE,18,ASIAN,US,NY,WESTCHESTER,YES,YES,TENNIS,VOLLEYBALL,YES,END OF HIGH SCHOOL,4,YES,4,UNKNOWN,5,1.5,NO,YES,FRESHMAN,"BIOLOGICAL SCIENCES, BA",BINGHAMTON UNIVERSITY,BINGHAMTON STUDENT,YES,YES,NO GPA YET,VET SCHOOL,NO,NONE,NO,0,0,NEUTRAL,NOT A NCAA ATHLETE,NOT A NCAA ATHLETE
202,202,FEMALE,19,WHITE,US,NY,PUTNAM,NO,NO,NONE,NONE,NO,NEVER PLAYED,6,YES,4,94.8,0,0,NO,NO,SOPHOMORE,"ECONOMICS, BA",BINGHAMTON UNIVERSITY,BINGHAMTON STUDENT,YES,YES,3.68,LAW SCHOOL,NO,NONE,NO,0,0,NEUTRAL,NOT A NCAA ATHLETE,NOT A NCAA ATHLETE
203,203,MALE,20,"ASIAN, WHITE",US,NY,RICHMOND,YES,YES,BASKETBALL,NONE,YES,NEVER STOPPED,0,YES,5,96.0,7,4,YES,YES,SOPHOMORE,"PHILOSOPHY, POLITICS, AND LAW, BA",BINGHAMTON UNIVERSITY,BINGHAMTON STUDENT,YES,YES,4,GRADUATE SCHOOL,YES,BASKETBALL,NO,7,3,NO EFFECT,NO,WALK ON
204,204,MALE,20,WHITE,US,NY,SUFFOLK,YES,YES,SOCCER,TENNIS,YES,NEVER STOPPED,4,YES,2,95.0,5,2,NO,YES,JUNIOR,"ECONOMICS, BA",BINGHAMTON UNIVERSITY,BINGHAMTON STUDENT,YES,YES,3.57,BOTH,NO,NONE,YES,0,0,NEUTRAL,NOT A NCAA ATHLETE,NOT A NCAA ATHLETE
205,205,MALE,19,ASIAN,US,NY,ORANGE,YES,NO,NONE,NONE,NO,END OF MIDDLE SCHOOL,1,YES,5,99.0,0,0,NO,NO,SOPHOMORE,"COMPUTER SCIENCE, BS",BINGHAMTON UNIVERSITY,BINGHAMTON STUDENT,YES,YES,3.85,EMPLOYMENT,NO,NONE,YES,0,0,NEUTRAL,NOT A NCAA ATHLETE,NOT A NCAA ATHLETE
206,206,MALE,20,ASIAN,US,NY,QUEENS,YES,YES,BASEBALL,BADMINTON,YES,END OF MIDDLE SCHOOL,4,YES,3,98.0,2,4,YES,YES,JUNIOR,"INDUSTRIAL AND SYSTEMS ENGINEERING, BS",BINGHAMTON UNIVERSITY,BINGHAMTON STUDENT,YES,YES,3.01,BOTH,NO,NONE,YES,0,0,NO EFFECT,NOT A NCAA ATHLETE,NOT A NCAA ATHLETE
207,207,FEMALE,20,ASIAN,US,NY,KINGS,YES,YES,VOLLEYBALL,TENNIS,NO,NEVER STOPPED,4,YES,1,92.0,4,3,NO,NO,JUNIOR,"ECONOMICS, BS",BINGHAMTON UNIVERSITY,BINGHAMTON STUDENT,YES,YES,3,BOTH,NO,NONE,YES,0,0,POSITIVE EFFECT,NO,NOT A NCAA ATHLETE
208,208,FEMALE,21,"AMERICAN INDIAN OR ALASKA NATIVE, WHITE",US,CO,EL PASO,YES,YES,RUGBY,NONE,YES,NEVER STOPPED,4,YES,4,91.0,6,2,YES,YES,SENIOR,"PSYCHOLOGY, BA",BINGHAMTON UNIVERSITY,BINGHAMTON STUDENT,YES,YES,3.73,GRADUATE SCHOOL,NO,NONE,NO,0,0,NO EFFECT,NO,NOT A NCAA ATHLETE
209,209,MALE,18,ASIAN,US,NY,YONKERS,YES,YES,BASKETBALL,NONE,NO,END OF HIGH SCHOOL,5,YES,2,100.0,6,3,NO,YES,FRESHMAN,"MECHANICAL ENGINEERING, BS",BINGHAMTON UNIVERSITY,BINGHAMTON STUDENT,YES,YES,NO GPA YET,BOTH,NO,NONE,NO,0,0,NEGATIVE EFFECT,NOT A NCAA ATHLETE,NOT A NCAA ATHLETE
210,210,MALE,20,MIDDLE EASTERN OR NORTH AFRICAN,US,NY,NASSAU,YES,YES,SOCCER,SWIMMING AND DIVING,YES,NEVER STOPPED,3,YES,3,98.0,6,2,YES,YES,JUNIOR,"ARABIC STUDIES, BA",BINGHAMTON UNIVERSITY,BINGHAMTON STUDENT,YES,YES,3.45,BOTH,NO,NONE,NO,0,0,POSITIVE EFFECT,NO,NOT A NCAA ATHLETE
211,211,FEMALE,20,"BLACK OR AFRICAN AMERICAN, WHITE",US,NY,NASSAU,YES,YES,GOLF,NONE,NO,END OF HIGH SCHOOL,8,YES,3,99.0,3,3,NO,YES,JUNIOR,"PHILOSOPHY, POLITICS, AND LAW, BA",BINGHAMTON UNIVERSITY,BINGHAMTON STUDENT,YES,YES,3.3,GRADUATE SCHOOL,NO,NONE,NO,0,0,NEUTRAL,NO,NOT A NCAA ATHLETE
212,212,FEMALE,24,WHITE,US,NY,ROCKLAND,YES,YES,VOLLEYBALL,ROWING,YES,END OF HIGH SCHOOL,4,YES,3,98.0,6,3,NO,YES,ALUM,"ECONOMICS, BA",BINGHAMTON UNIVERSITY,BINGHAMTON STUDENT,YES,YES,3.84,EMPLOYMENT,NO,NONE,NO,0,0,NEUTRAL,NOT A NCAA ATHLETE,NOT A NCAA ATHLETE
213,213,MALE,20,BLACK OR AFRICAN AMERICAN,US,NY,WESTCHESTER,YES,YES,SOCCER,XC/TRACK AND FIELD,YES,NEVER STOPPED,4,YES,2,93.0,5,2,YES,YES,JUNIOR,"ECONOMICS, BA",BINGHAMTON UNIVERSITY,BINGHAMTON STUDENT,YES,YES,3,UNSURE,YES,"SOCCER, XC/TRACK AND FIELD",NO,6,3,NEGATIVE EFFECT,YES,RECRUITED
214,214,FEMALE,21,HISPANIC OR LATINO,US,NY,ROCKLAND,YES,NO,NONE,NONE,NO,BEFORE MIDDLE SCHOOL,0,YES,2,97.0,0,0,NO,NO,SENIOR,"PHILOSOPHY, POLITICS, AND LAW, BA",BINGHAMTON UNIVERSITY,BINGHAMTON STUDENT,YES,YES,3.39,EMPLOYMENT,NO,NONE,NO,0,0,NEUTRAL,NOT A NCAA ATHLETE,NOT A NCAA ATHLETE
215,215,MALE,20,HISPANIC OR LATINO,US,NY,WESTCHESTER,YES,YES,WRESTLING,XC/TRACK AND FIELD,NO,DURING HIGH SCHOOL,3,YES,2,97.0,5,1.5,NO,YES,SENIOR,"BUSINESS ADMINISTRATION, BS",BINGHAMTON UNIVERSITY,BINGHAMTON STUDENT,YES,YES,3.74,BOTH,NO,NONE,YES,0,0,POSITIVE EFFECT,NOT A NCAA ATHLETE,NOT A NCAA ATHLETE
216,216,FEMALE,20,WHITE,US,NY,SUFFOLK,YES,YES,VOLLEYBALL,XC/TRACK AND FIELD,NO,END OF HIGH SCHOOL,6,YES,5,98.0,6,3,NO,YES,SENIOR,"ECONOMICS, BS",BINGHAMTON UNIVERSITY,BINGHAMTON STUDENT,YES,YES,3.1,BOTH,NO,NONE,NO,0,0,NEUTRAL,NOT A NCAA ATHLETE,NOT A NCAA ATHLETE
217,217,FEMALE,18,BLACK OR AFRICAN AMERICAN,US,NY,WESTCHESTER,YES,YES,BASKETBALL,BASEBALL,NO,END OF HIGH SCHOOL,10,YES,5,UNKNOWN,3,1.5,NO,YES,FRESHMAN,"COMPUTER SCIENCE, BS",BINGHAMTON UNIVERSITY,BINGHAMTON STUDENT,YES,YES,NO GPA YET,GRADUATE SCHOOL,NO,NONE,NO,0,0,POSITIVE EFFECT,NOT A NCAA ATHLETE,NOT A NCAA ATHLETE
218,218,NON-BINARY,24,"BLACK OR AFRICAN AMERICAN, HISPANIC OR LATINO",US,FL,LEON,YES,YES,SOFTBALL,NONE,NO,DURING HIGH SCHOOL,5,YES,3,UNKNOWN,2,2,NO,NO,JUNIOR,"THEATRE, BA",BINGHAMTON UNIVERSITY,BINGHAMTON STUDENT,YES,YES,3.83,EMPLOYMENT,NO,NONE,NO,0,0,NEUTRAL,NOT A NCAA ATHLETE,NOT A NCAA ATHLETE
